observation_date,DXY,Yield_10Y
2010-01-04,92.3566,3.85
2010-01-05,92.2236,3.77
2010-01-06,92.0941,3.85
2010-01-07,92.3684,3.85
2010-01-08,92.1485,3.83
2010-01-11,91.5997,3.85
2010-01-12,91.7005,3.74
2010-01-13,91.7272,3.8
2010-01-14,91.5864,3.76
2010-01-15,91.7668,3.7
2010-01-19,91.9611,3.73
2010-01-20,92.6766,3.68
2010-01-21,92.6627,3.62
2010-01-22,92.943,3.62
2010-01-25,92.9099,3.66
2010-01-26,93.3298,3.65
2010-01-27,93.2835,3.66
2010-01-28,93.2635,3.68
2010-01-29,93.7638,3.63
2010-02-01,93.7321,3.68
2010-02-02,93.4136,3.67
2010-02-03,93.6268,3.73
2010-02-04,94.1401,3.62
2010-02-05,94.6218,3.59
2010-02-12,93.9976,3.69
2010-02-16,93.482,3.66
2010-02-17,93.7171,3.74
2010-02-18,93.8752,3.79
2010-02-19,93.9569,3.78
2010-02-22,93.7402,3.8
2010-02-23,93.9794,3.69
2010-02-24,93.9775,3.7
2010-02-25,94.3797,3.64
2010-02-26,93.6602,3.61
2010-03-01,93.7979,3.61
2010-03-02,93.488,3.62
2010-03-03,92.9861,3.63
2010-03-04,93.4079,3.61
2010-03-05,93.2623,3.69
2010-03-08,93.2446,3.72
2010-03-09,93.1941,3.71
2010-03-10,93.0426,3.73
2010-03-11,93.0533,3.73
2010-03-12,92.6616,3.71
2010-03-15,92.9642,3.71
2010-03-16,92.595,3.66
2010-03-17,92.4446,3.65
2010-03-18,92.7451,3.68
2010-03-19,93.0407,3.7
2010-03-22,93.1333,3.67
2010-03-23,93.006,3.69
2010-03-24,93.6468,3.84
2010-03-25,93.5885,3.91
2010-03-26,93.6873,3.86
2010-03-29,93.2959,3.88
2010-03-30,93.2627,3.88
2010-03-31,92.8987,3.84
2010-04-01,92.6661,3.89
2010-04-02,92.9057,3.96
2010-04-05,92.6644,4.01
2010-04-06,92.7373,3.98
2010-04-07,92.7452,3.89
2010-04-08,92.7211,3.91
2010-04-09,92.4772,3.9
2010-04-12,92.243,3.87
2010-04-13,92.2689,3.84
2010-04-14,91.9297,3.88
2010-04-15,92.2029,3.86
2010-04-16,92.5253,3.79
2010-04-19,92.8577,3.83
2010-04-20,92.4338,3.82
2010-04-21,92.4482,3.77
2010-04-22,92.7277,3.8
2010-04-23,92.6622,3.84
2010-04-26,92.5187,3.83
2010-04-27,93.0956,3.71
2010-04-28,93.4856,3.8
2010-04-29,92.9013,3.76
2010-04-30,92.8423,3.69
2010-05-03,93.235,3.72
2010-05-04,93.8137,3.63
2010-05-05,94.3968,3.58
2010-05-06,95.3032,3.41
2010-05-07,95.2952,3.45
2010-05-10,94.3096,3.57
2010-05-11,94.4305,3.56
2010-05-12,94.5515,3.56
2010-05-13,94.5071,3.55
2010-05-14,95.3746,3.44
2010-05-17,95.9795,3.47
2010-05-18,95.6212,3.38
2010-05-19,96.5083,3.36
2010-05-20,96.9483,3.25
2010-05-21,96.2911,3.2
2010-05-24,96.6433,3.23
2010-05-25,97.5487,3.18
2010-05-26,97.1879,3.21
2010-05-27,96.3611,3.34
2010-05-28,96.3062,3.31
2010-06-01,96.6123,3.29
2010-06-02,96.615,3.35
2010-06-03,96.461,3.39
2010-06-04,97.1688,3.2
2010-06-07,97.503,3.17
2010-06-08,97.3425,3.18
2010-06-09,96.8938,3.2
2010-06-10,96.4877,3.33
2010-06-11,96.5616,3.24
2010-06-14,95.8082,3.28
2010-06-15,95.7049,3.32
2010-06-16,95.5668,3.27
2010-06-17,95.4973,3.21
2010-06-18,95.2981,3.24
2010-06-21,94.8505,3.26
2010-06-22,95.1165,3.18
2010-06-23,95.4853,3.13
2010-06-24,95.6194,3.14
2010-06-25,95.4582,3.12
2010-06-28,95.2696,3.05
2010-06-29,96.0199,2.97
2010-06-30,95.9934,2.97
2010-07-01,95.8018,2.96
2010-07-02,95.6345,3.0
2010-07-06,95.1069,2.95
2010-07-07,95.1795,3.0
2010-07-08,94.7734,3.04
2010-07-09,94.683,3.07
2010-07-12,94.9598,3.08
2010-07-13,94.3856,3.15
2010-07-14,94.3247,3.07
2010-07-15,94.1988,3.0
2010-07-16,94.5061,2.96
2010-07-19,94.602,2.99
2010-07-20,94.542,2.98
2010-07-21,94.4496,2.9
2010-07-22,94.1135,2.96
2010-07-23,94.1431,3.02
2010-07-26,93.7556,3.03
2010-07-27,93.7583,3.08
2010-07-28,93.7506,3.03
2010-07-29,93.6004,3.03
2010-07-30,93.2793,2.94
2010-08-02,92.7916,2.99
2010-08-03,92.6258,2.94
2010-08-04,92.731,2.98
2010-08-05,92.6401,2.94
2010-08-06,92.5915,2.86
2010-08-09,92.6726,2.86
2010-08-10,93.2197,2.79
2010-08-11,93.7778,2.72
2010-08-12,93.8905,2.74
2010-08-13,94.0457,2.68
2010-08-16,93.7902,2.58
2010-08-17,93.4239,2.64
2010-08-18,93.3719,2.64
2010-08-19,93.7141,2.58
2010-08-20,94.2087,2.62
2010-08-23,94.3295,2.6
2010-08-24,94.4362,2.5
2010-08-25,94.7372,2.54
2010-08-26,94.3523,2.5
2010-08-27,94.3462,2.66
2010-08-30,94.5922,2.54
2010-08-31,94.7204,2.47
2010-09-01,94.1148,2.58
2010-09-02,94.0852,2.63
2010-09-03,93.6952,2.72
2010-09-07,94.042,2.61
2010-09-08,93.7785,2.66
2010-09-09,93.7033,2.77
2010-09-10,93.6768,2.81
2010-09-13,93.0767,2.74
2010-09-14,92.6182,2.68
2010-09-15,92.9313,2.74
2010-09-16,92.9108,2.77
2010-09-17,92.9418,2.75
2010-09-20,92.7496,2.72
2010-09-21,92.6684,2.61
2010-09-22,92.0647,2.56
2010-09-23,92.0233,2.56
2010-09-24,91.5996,2.62
2010-09-27,91.4803,2.54
2010-09-28,91.3493,2.48
2010-09-29,91.1632,2.52
2010-09-30,91.3415,2.53
2010-10-01,90.836,2.54
2010-10-04,91.0015,2.5
2010-10-05,90.5622,2.5
2010-10-06,90.1411,2.41
2010-10-07,90.286,2.41
2010-10-08,90.1133,2.41
2010-10-12,90.2203,2.44
2010-10-13,89.7779,2.46
2010-10-14,89.5228,2.52
2010-10-15,89.6815,2.59
2010-10-18,89.8484,2.52
2010-10-19,90.5499,2.5
2010-10-20,90.1446,2.51
2010-10-21,90.138,2.57
2010-10-22,90.4063,2.59
2010-10-25,89.9328,2.59
2010-10-26,90.2818,2.67
2010-10-27,90.8038,2.75
2010-10-28,90.2407,2.69
2010-10-29,90.0935,2.63
2010-11-01,90.0307,2.66
2010-11-02,89.6847,2.63
2010-11-03,89.7079,2.67
2010-11-04,88.9831,2.53
2010-11-05,89.2441,2.58
2010-11-08,89.5711,2.6
2010-11-09,89.558,2.72
2010-11-10,89.9056,2.65
2010-11-12,90.1701,2.76
2010-11-15,90.4331,2.92
2010-11-16,91.1102,2.85
2010-11-17,90.9282,2.89
2010-11-18,90.649,2.9
2010-11-19,90.6986,2.88
2010-11-22,90.7023,2.8
2010-11-23,91.4318,2.77
2010-11-24,91.2179,2.93
2010-11-26,91.8152,2.87
2010-11-29,92.1997,2.84
2010-11-30,92.1494,2.81
2010-12-01,91.6799,2.97
2010-12-02,91.2651,3.01
2010-12-03,90.8788,3.03
2010-12-06,91.0167,2.95
2010-12-07,90.9732,3.15
2010-12-08,91.3376,3.26
2010-12-09,91.3923,3.23
2010-12-10,91.2831,3.32
2010-12-13,90.8837,3.29
2010-12-14,90.764,3.49
2010-12-15,91.094,3.53
2010-12-16,91.3773,3.47
2010-12-17,91.5555,3.33
2010-12-20,91.6398,3.36
2010-12-21,91.519,3.35
2010-12-22,91.429,3.36
2010-12-23,91.3013,3.41
2010-12-27,91.1963,3.36
2010-12-28,90.9848,3.5
2010-12-29,90.7669,3.35
2010-12-30,90.5146,3.38
2011-01-03,89.9524,3.36
2011-01-04,90.3277,3.36
2011-01-05,90.5715,3.5
2011-01-06,90.9125,3.44
2011-01-07,91.0001,3.34
2011-01-10,91.03,3.32
2011-01-11,90.8431,3.37
2011-01-12,90.4111,3.4
2011-01-13,89.9019,3.34
2011-01-14,90.0461,3.35
2011-01-18,89.821,3.39
2011-01-19,89.6948,3.37
2011-01-20,90.1316,3.47
2011-01-21,89.7204,3.44
2011-01-24,89.5375,3.43
2011-01-25,89.7279,3.35
2011-01-26,89.5091,3.45
2011-01-27,89.5728,3.42
2011-01-28,89.8189,3.36
2011-01-31,89.694,3.42
2011-02-01,89.1436,3.48
2011-02-02,89.0737,3.52
2011-02-03,89.2522,3.58
2011-02-04,89.391,3.68
2011-02-07,89.3556,3.68
2011-02-08,89.1241,3.75
2011-02-09,89.4166,3.65
2011-02-10,89.6266,3.7
2011-02-11,89.8784,3.64
2011-02-14,89.8543,3.62
2011-02-15,89.8871,3.61
2011-02-16,89.7059,3.62
2011-02-17,89.4102,3.58
2011-02-18,89.1974,3.59
2011-02-22,89.4617,3.46
2011-02-23,89.4186,3.49
2011-02-24,89.2346,3.46
2011-02-25,89.1664,3.42
2011-02-28,88.9391,3.42
2011-03-01,88.831,3.41
2011-03-02,88.7317,3.46
2011-03-03,88.637,3.58
2011-03-04,88.4898,3.49
2011-03-07,88.5207,3.51
2011-03-08,88.6454,3.56
2011-03-09,88.5328,3.48
2011-03-10,88.8698,3.37
2011-03-11,88.691,3.4
2011-03-14,88.5191,3.36
2011-03-15,88.7845,3.33
2011-03-16,88.9785,3.22
2011-03-17,88.6549,3.25
2011-03-18,88.5221,3.28
2011-03-21,88.2032,3.34
2011-03-22,88.0665,3.34
2011-03-23,88.3328,3.36
2011-03-24,88.0592,3.42
2011-03-25,88.1716,3.46
2011-03-28,88.3058,3.47
2011-03-29,88.3991,3.5
2011-03-30,88.2298,3.47
2011-03-31,88.0299,3.47
2011-04-01,87.7993,3.46
2011-04-04,87.8406,3.45
2011-04-05,87.7483,3.5
2011-04-06,87.4913,3.56
2011-04-07,87.532,3.58
2011-04-08,87.1493,3.59
2011-04-11,87.094,3.59
2011-04-12,87.2943,3.52
2011-04-13,87.2093,3.49
2011-04-14,87.0802,3.51
2011-04-15,87.005,3.43
2011-04-18,87.5081,3.4
2011-04-19,87.0791,3.39
2011-04-20,86.5642,3.43
2011-04-21,86.2256,3.42
2011-04-25,86.4026,3.39
2011-04-26,86.2576,3.34
2011-04-27,86.2519,3.39
2011-04-28,85.8419,3.34
2011-04-29,85.5999,3.32
2011-05-02,85.5199,3.31
2011-05-03,85.6352,3.28
2011-05-04,85.8917,3.25
2011-05-05,86.508,3.18
2011-05-06,86.4575,3.19
2011-05-09,86.8346,3.17
2011-05-10,86.6518,3.23
2011-05-11,86.7195,3.19
2011-05-12,87.0767,3.22
2011-05-13,87.4176,3.18
2011-05-16,87.3311,3.15
2011-05-17,87.6307,3.12
2011-05-18,87.295,3.18
2011-05-19,87.2638,3.17
2011-05-20,87.3044,3.15
2011-05-23,87.8941,3.13
2011-05-24,87.662,3.12
2011-05-25,87.6136,3.13
2011-05-26,87.5588,3.07
2011-05-27,86.9525,3.07
2011-05-31,86.656,3.05
2011-06-01,86.5964,2.96
2011-06-02,86.8435,3.04
2011-06-03,86.4234,2.99
2011-06-06,86.4669,3.01
2011-06-07,86.3627,3.01
2011-06-08,86.5714,2.98
2011-06-09,86.5913,3.01
2011-06-10,87.042,2.99
2011-06-13,87.0579,3.0
2011-06-14,86.6771,3.11
2011-06-15,87.3342,2.98
2011-06-16,87.6917,2.93
2011-06-17,87.2179,2.94
2011-06-20,87.1908,2.97
2011-06-21,86.857,2.99
2011-06-22,86.8067,3.01
2011-06-23,87.455,2.93
2011-06-24,87.5014,2.88
2011-06-27,87.5225,2.95
2011-06-28,87.2178,3.05
2011-06-29,86.8014,3.14
2011-06-30,86.4786,3.18
2011-07-01,86.3613,3.22
2011-07-05,86.4253,3.16
2011-07-06,86.6825,3.12
2011-07-07,86.4825,3.17
2011-07-08,86.615,3.03
2011-07-11,87.1013,2.94
2011-07-12,87.1701,2.92
2011-07-13,86.5697,2.92
2011-07-14,86.5234,2.98
2011-07-15,86.5169,2.94
2011-07-18,86.9549,2.94
2011-07-19,86.4386,2.91
2011-07-20,86.2794,2.96
2011-07-21,85.8378,3.03
2011-07-22,85.8623,2.99
2011-07-25,85.8006,3.03
2011-07-26,85.4692,2.99
2011-07-27,85.7126,3.01
2011-07-28,85.8245,2.98
2011-07-29,85.7282,2.82
2011-08-01,86.0391,2.77
2011-08-02,86.0533,2.66
2011-08-03,86.0706,2.64
2011-08-04,86.9299,2.47
2011-08-05,87.1084,2.58
2011-08-08,87.1873,2.4
2011-08-09,87.3919,2.2
2011-08-10,87.3792,2.17
2011-08-11,87.3215,2.34
2011-08-12,87.177,2.24
2011-08-15,86.7515,2.29
2011-08-16,86.7115,2.23
2011-08-17,86.5518,2.17
2011-08-18,87.1271,2.08
2011-08-19,86.8286,2.07
2011-08-22,87.0753,2.1
2011-08-23,86.9001,2.15
2011-08-24,87.1316,2.29
2011-08-25,87.2306,2.23
2011-08-26,87.0751,2.19
2011-08-29,86.8433,2.28
2011-08-30,87.001,2.19
2011-08-31,86.7739,2.23
2011-09-01,86.8512,2.15
2011-09-02,87.1797,2.02
2011-09-06,88.1645,1.98
2011-09-07,87.9699,2.05
2011-09-08,88.1162,2.0
2011-09-09,88.9514,1.93
2011-09-12,89.2192,1.94
2011-09-13,89.2653,2.0
2011-09-14,89.419,2.03
2011-09-15,89.0647,2.09
2011-09-16,89.1108,2.08
2011-09-19,89.9336,1.97
2011-09-20,89.8777,1.95
2011-09-21,90.3453,1.88
2011-09-22,92.075,1.72
2011-09-23,91.6904,1.84
2011-09-26,91.7724,1.91
2011-09-27,90.8985,2.0
2011-09-28,91.0227,2.03
2011-09-29,91.3033,1.99
2011-09-30,91.9998,1.92
2011-10-03,92.5128,1.8
2011-10-04,92.9508,1.81
2011-10-05,92.3008,1.92
2011-10-06,91.9661,2.01
2011-10-07,91.2469,2.1
2011-10-11,90.9162,2.18
2011-10-12,90.3378,2.24
2011-10-13,90.6603,2.19
2011-10-14,90.2116,2.26
2011-10-17,90.266,2.18
2011-10-18,90.5907,2.19
2011-10-19,90.3317,2.18
2011-10-20,91.1026,2.2
2011-10-21,90.279,2.23
2011-10-24,89.8558,2.25
2011-10-25,89.9525,2.14
2011-10-26,90.0836,2.23
2011-10-27,88.7882,2.42
2011-10-28,88.6382,2.34
2011-10-31,89.2053,2.17
2011-11-01,90.7296,2.01
2011-11-02,90.244,2.03
2011-11-03,90.2961,2.09
2011-11-04,90.3154,2.06
2011-11-07,90.3832,2.04
2011-11-08,90.172,2.1
2011-11-09,90.6991,2.0
2011-11-10,90.8588,2.04
2011-11-14,90.7215,2.04
2011-11-15,91.1081,2.06
2011-11-16,91.1237,2.01
2011-11-17,91.1822,1.96
2011-11-18,91.3676,2.01
2011-11-21,91.9978,1.97
2011-11-22,92.0193,1.94
2011-11-23,92.7463,1.89
2011-11-25,93.1455,1.97
2011-11-28,92.4983,1.97
2011-11-29,92.2163,2.0
2011-11-30,91.4728,2.08
2011-12-01,91.227,2.11
2011-12-02,91.3532,2.05
2011-12-05,91.1087,2.04
2011-12-06,91.2817,2.08
2011-12-07,91.2331,2.02
2011-12-08,91.668,1.99
2011-12-09,91.6122,2.07
2011-12-12,92.3375,2.03
2011-12-13,92.5456,1.96
2011-12-14,93.2176,1.92
2011-12-15,92.8858,1.92
2011-12-16,92.8252,1.86
2011-12-19,92.8685,1.82
2011-12-20,92.432,1.94
2011-12-21,92.5262,1.98
2011-12-22,92.3883,1.97
2011-12-23,92.3897,2.03
2011-12-27,92.4137,2.02
2011-12-28,92.8374,1.93
2011-12-29,92.7398,1.91
2011-12-30,92.4262,1.89
2012-01-03,91.7551,1.97
2012-01-04,92.0345,2.0
2012-01-05,92.5773,2.02
2012-01-06,92.7183,1.98
2012-01-09,92.7418,1.98
2012-01-10,92.2461,2.0
2012-01-11,92.554,1.93
2012-01-12,92.2274,1.94
2012-01-13,92.5385,1.89
2012-01-17,92.0142,1.87
2012-01-18,91.6943,1.92
2012-01-19,91.3316,2.01
2012-01-20,91.3661,2.05
2012-01-23,90.986,2.09
2012-01-24,91.181,2.08
2012-01-25,91.277,2.01
2012-01-26,90.3962,1.96
2012-01-27,90.2559,1.93
2012-01-30,90.4762,1.87
2012-01-31,90.5538,1.83
2012-02-01,90.0963,1.87
2012-02-02,89.8765,1.86
2012-02-03,89.8491,1.97
2012-02-06,89.7907,1.93
2012-02-07,89.5968,2.0
2012-02-08,89.6555,2.01
2012-02-09,89.6246,2.04
2012-02-10,90.1024,1.96
2012-02-13,89.8895,1.99
2012-02-14,90.1919,1.92
2012-02-15,90.1932,1.93
2012-02-16,90.3109,1.99
2012-02-17,90.23,2.01
2012-02-21,90.0117,2.05
2012-02-22,90.2472,2.01
2012-02-23,90.1108,1.99
2012-02-24,89.9104,1.98
2012-02-27,89.9635,1.92
2012-02-28,89.8103,1.94
2012-02-29,89.7487,1.98
2012-03-01,89.7817,2.03
2012-03-02,90.135,1.99
2012-03-05,90.2748,2.0
2012-03-06,90.8237,1.96
2012-03-07,90.6837,1.98
2012-03-08,90.2598,2.03
2012-03-09,90.4341,2.04
2012-03-12,90.6643,2.04
2012-03-13,90.5363,2.14
2012-03-14,90.9325,2.29
2012-03-15,90.7866,2.29
2012-03-16,90.5245,2.31
2012-03-19,90.292,2.39
2012-03-20,90.6065,2.38
2012-03-21,90.6761,2.31
2012-03-22,90.8225,2.29
2012-03-23,90.6156,2.25
2012-03-26,90.3266,2.26
2012-03-27,90.2796,2.2
2012-03-28,90.603,2.21
2012-03-29,90.7285,2.18
2012-03-30,90.4593,2.23
2012-04-02,90.247,2.22
2012-04-03,90.1921,2.3
2012-04-04,90.8284,2.25
2012-04-05,90.8781,2.19
2012-04-06,90.9375,2.07
2012-04-09,90.9624,2.06
2012-04-10,91.2728,2.01
2012-04-11,91.1768,2.05
2012-04-12,90.7694,2.08
2012-04-13,91.0558,2.02
2012-04-16,91.2355,2.0
2012-04-17,90.7661,2.03
2012-04-18,90.9326,2.0
2012-04-19,91.0833,1.98
2012-04-20,90.8066,1.99
2012-04-23,91.079,1.96
2012-04-24,90.8153,2.0
2012-04-25,90.756,2.01
2012-04-26,90.6428,1.98
2012-04-27,90.3269,1.96
2012-04-30,90.3634,1.95
2012-05-01,90.3227,1.98
2012-05-02,90.6144,1.96
2012-05-03,90.6839,1.96
2012-05-04,91.0497,1.91
2012-05-07,91.0747,1.92
2012-05-08,91.4107,1.88
2012-05-09,91.7632,1.87
2012-05-10,91.7077,1.89
2012-05-11,91.7306,1.84
2012-05-14,92.2491,1.78
2012-05-15,92.5235,1.76
2012-05-16,92.903,1.76
2012-05-17,92.9632,1.7
2012-05-18,93.1395,1.71
2012-05-21,93.0945,1.75
2012-05-22,93.1113,1.79
2012-05-23,93.8855,1.73
2012-05-24,93.8027,1.77
2012-05-25,93.9488,1.75
2012-05-29,93.875,1.74
2012-05-30,94.302,1.63
2012-05-31,94.6856,1.59
2012-06-01,94.6979,1.47
2012-06-04,94.5184,1.53
2012-06-05,94.6184,1.57
2012-06-06,94.0362,1.66
2012-06-07,93.774,1.66
2012-06-08,94.2024,1.65
2012-06-11,94.0369,1.6
2012-06-12,94.0693,1.67
2012-06-13,93.8309,1.61
2012-06-14,93.8152,1.64
2012-06-15,93.5203,1.6
2012-06-18,93.6431,1.59
2012-06-19,93.0524,1.64
2012-06-20,93.1602,1.65
2012-06-21,93.6378,1.63
2012-06-22,93.9205,1.69
2012-06-25,94.1757,1.63
2012-06-26,93.9859,1.66
2012-06-27,93.8728,1.65
2012-06-28,94.0203,1.6
2012-06-29,92.9096,1.67
2012-07-02,92.951,1.61
2012-07-03,92.6508,1.65
2012-07-05,93.2211,1.62
2012-07-06,93.7087,1.57
2012-07-09,93.6974,1.53
2012-07-10,93.5552,1.53
2012-07-11,93.5981,1.54
2012-07-12,93.9298,1.5
2012-07-13,93.5515,1.52
2012-07-16,93.3746,1.5
2012-07-17,93.3479,1.53
2012-07-18,93.0973,1.52
2012-07-19,93.0438,1.54
2012-07-20,93.3653,1.49
2012-07-23,93.9297,1.47
2012-07-24,94.2635,1.44
2012-07-25,94.0564,1.43
2012-07-26,93.3595,1.45
2012-07-27,92.9333,1.58
2012-07-30,93.0524,1.53
2012-07-31,92.8422,1.51
2012-08-01,92.8905,1.56
2012-08-02,93.4269,1.51
2012-08-03,92.6048,1.6
2012-08-06,92.4339,1.59
2012-08-07,92.5128,1.66
2012-08-08,92.5407,1.68
2012-08-09,92.6057,1.69
2012-08-10,92.5129,1.65
2012-08-13,92.5955,1.65
2012-08-14,92.6152,1.73
2012-08-15,92.6838,1.8
2012-08-16,92.5737,1.83
2012-08-17,92.711,1.81
2012-08-20,92.6263,1.82
2012-08-21,92.3053,1.8
2012-08-22,92.4362,1.71
2012-08-23,92.1057,1.68
2012-08-24,92.2785,1.68
2012-08-27,92.3135,1.65
2012-08-28,92.2033,1.64
2012-08-29,92.3823,1.66
2012-08-30,92.6239,1.63
2012-08-31,92.1677,1.57
2012-09-04,92.1582,1.59
2012-09-05,92.1262,1.6
2012-09-06,91.8973,1.68
2012-09-07,91.3469,1.67
2012-09-10,91.3102,1.68
2012-09-11,91.0575,1.7
2012-09-12,91.0477,1.77
2012-09-13,90.9632,1.75
2012-09-14,90.1436,1.88
2012-09-17,90.2837,1.85
2012-09-18,90.5029,1.82
2012-09-19,90.4646,1.79
2012-09-20,90.7631,1.8
2012-09-21,90.5342,1.77
2012-09-24,90.8263,1.74
2012-09-25,90.6074,1.7
2012-09-26,91.0028,1.64
2012-09-27,90.7538,1.66
2012-09-28,90.8342,1.65
2012-10-01,90.7011,1.64
2012-10-02,90.644,1.64
2012-10-03,90.8726,1.64
2012-10-04,90.4932,1.7
2012-10-05,90.2851,1.75
2012-10-09,90.8703,1.74
2012-10-10,90.883,1.72
2012-10-11,90.7437,1.7
2012-10-12,90.6833,1.69
2012-10-15,90.6409,1.7
2012-10-16,90.5583,1.75
2012-10-17,90.2309,1.83
2012-10-18,90.3804,1.86
2012-10-19,90.8107,1.79
2012-10-22,90.7911,1.83
2012-10-23,91.0945,1.79
2012-10-24,91.1275,1.8
2012-10-25,91.02,1.86
2012-10-26,91.1411,1.78
2012-10-31,91.1609,1.72
2012-11-01,91.1217,1.75
2012-11-02,91.281,1.75
2012-11-05,91.4778,1.72
2012-11-06,91.2908,1.78
2012-11-07,91.4514,1.68
2012-11-08,91.5375,1.62
2012-11-09,91.6871,1.61
2012-11-13,91.7356,1.59
2012-11-14,91.7942,1.59
2012-11-15,91.8837,1.58
2012-11-16,92.0095,1.58
2012-11-19,91.5653,1.61
2012-11-20,91.556,1.66
2012-11-21,91.6645,1.69
2012-11-23,91.2616,1.7
2012-11-26,91.2789,1.66
2012-11-27,91.2608,1.64
2012-11-28,91.33,1.63
2012-11-29,91.2104,1.62
2012-11-30,91.1038,1.62
2012-12-03,91.0084,1.63
2012-12-04,90.9748,1.62
2012-12-05,90.9423,1.6
2012-12-06,91.0629,1.59
2012-12-07,91.0437,1.64
2012-12-10,90.9631,1.63
2012-12-11,90.8403,1.66
2012-12-12,90.7708,1.72
2012-12-13,90.776,1.74
2012-12-14,90.7156,1.72
2012-12-17,90.6193,1.78
2012-12-18,90.5161,1.84
2012-12-19,90.4896,1.82
2012-12-20,90.6002,1.81
2012-12-21,90.9597,1.77
2012-12-24,91.0354,1.79
2012-12-26,91.0606,1.77
2012-12-27,91.1037,1.74
2012-12-28,91.0419,1.73
2012-12-31,91.0834,1.78
2013-01-02,90.6941,1.86
2013-01-03,90.8097,1.92
2013-01-04,91.1025,1.93
2013-01-07,90.9852,1.92
2013-01-08,91.057,1.89
2013-01-09,91.0088,1.88
2013-01-10,90.6425,1.91
2013-01-11,90.5352,1.89
2013-01-14,90.4935,1.89
2013-01-15,90.5191,1.86
2013-01-16,90.596,1.84
2013-01-17,90.5401,1.89
2013-01-18,90.8697,1.87
2013-01-22,90.7892,1.86
2013-01-23,90.8376,1.86
2013-01-24,90.9112,1.88
2013-01-25,91.0868,1.98
2013-01-28,91.2354,2.0
2013-01-29,90.9406,2.03
2013-01-30,90.8836,2.03
2013-01-31,90.798,2.02
2013-02-01,90.6923,2.04
2013-02-04,90.9774,2.0
2013-02-05,90.881,2.04
2013-02-06,91.0176,2.0
2013-02-07,91.2912,1.99
2013-02-08,91.3056,1.99
2013-02-11,91.4451,1.99
2013-02-12,91.2779,2.02
2013-02-13,91.2709,2.05
2013-02-14,91.366,2.0
2013-02-15,91.4551,2.01
2013-02-19,91.5073,2.03
2013-02-20,91.6689,2.02
2013-02-21,92.0394,1.99
2013-02-22,92.1197,1.97
2013-02-25,92.1975,1.88
2013-02-26,92.4247,1.88
2013-02-27,92.234,1.91
2013-02-28,92.295,1.89
2013-03-01,92.6177,1.86
2013-03-04,92.6316,1.88
2013-03-05,92.4965,1.9
2013-03-07,92.5462,2.0
2013-03-08,92.6252,2.06
2013-03-11,92.5351,2.07
2013-03-12,92.3853,2.03
2013-03-13,92.4709,2.04
2013-03-14,92.4695,2.04
2013-03-15,92.128,2.01
2013-03-18,92.3377,1.96
2013-03-19,92.526,1.92
2013-03-20,92.4141,1.96
2013-03-21,92.3322,1.95
2013-03-22,92.2051,1.93
2013-03-25,92.3081,1.93
2013-03-26,92.232,1.92
2013-03-27,92.446,1.87
2013-03-28,92.2544,1.87
2013-04-01,92.1687,1.86
2013-04-02,92.1432,1.88
2013-04-03,92.104,1.83
2013-04-04,92.3896,1.78
2013-04-05,92.1043,1.72
2013-04-08,92.2317,1.76
2013-04-09,91.9669,1.78
2013-04-10,91.9598,1.84
2013-04-11,91.6972,1.82
2013-04-12,91.7967,1.75
2013-04-15,91.9457,1.72
2013-04-16,91.8451,1.75
2013-04-17,92.1372,1.73
2013-04-18,92.176,1.72
2013-04-19,92.2166,1.73
2013-04-22,92.3591,1.72
2013-04-23,92.3836,1.74
2013-04-24,92.4581,1.73
2013-04-25,92.0394,1.74
2013-04-26,91.9012,1.7
2013-04-29,91.6539,1.7
2013-04-30,91.3741,1.7
2013-05-01,91.4331,1.66
2013-05-02,91.6174,1.66
2013-05-03,91.5087,1.78
2013-05-06,91.6387,1.8
2013-05-07,91.5201,1.82
2013-05-08,91.1848,1.81
2013-05-09,91.3036,1.81
2013-05-10,92.2527,1.9
2013-05-13,92.2711,1.92
2013-05-14,92.3697,1.96
2013-05-15,92.7691,1.94
2013-05-16,92.6602,1.87
2013-05-17,93.1617,1.95
2013-05-20,93.0359,1.97
2013-05-21,92.9662,1.94
2013-05-22,93.3104,2.03
2013-05-23,93.2113,2.02
2013-05-24,93.2768,2.01
2013-05-28,93.5853,2.15
2013-05-29,93.531,2.13
2013-05-30,93.4219,2.13
2013-05-31,93.6076,2.16
2013-06-03,93.163,2.13
2013-06-04,93.3067,2.14
2013-06-05,93.275,2.1
2013-06-06,92.809,2.08
2013-06-07,92.6056,2.17
2013-06-10,92.973,2.22
2013-06-11,92.7996,2.2
2013-06-12,92.4775,2.25
2013-06-13,92.3449,2.19
2013-06-14,92.1886,2.14
2013-06-17,92.3332,2.19
2013-06-18,92.5432,2.2
2013-06-19,92.4755,2.33
2013-06-20,94.125,2.41
2013-06-21,94.4243,2.52
2013-06-24,94.5714,2.57
2013-06-25,94.3285,2.6
2013-06-26,94.3807,2.55
2013-06-27,94.2429,2.49
2013-06-28,94.3047,2.52
2013-07-01,94.0998,2.5
2013-07-02,94.4051,2.48
2013-07-03,94.4767,2.52
2013-07-05,95.0639,2.73
2013-07-08,94.9954,2.65
2013-07-09,94.9467,2.65
2013-07-10,94.7595,2.7
2013-07-11,93.949,2.6
2013-07-12,94.0029,2.61
2013-07-15,93.9729,2.57
2013-07-16,93.5232,2.55
2013-07-17,93.5498,2.52
2013-07-18,93.681,2.56
2013-07-19,93.4759,2.5
2013-07-22,93.2253,2.5
2013-07-23,93.1631,2.53
2013-07-24,93.3124,2.61
2013-07-25,93.2862,2.61
2013-07-26,93.1695,2.58
2013-07-29,93.1663,2.61
2013-07-30,93.3976,2.63
2013-07-31,93.5703,2.6
2013-08-01,93.7972,2.74
2013-08-02,93.5789,2.63
2013-08-05,93.507,2.67
2013-08-06,93.3199,2.67
2013-08-07,93.2652,2.61
2013-08-08,92.8483,2.58
2013-08-09,92.8394,2.57
2013-08-12,92.9178,2.61
2013-08-13,93.476,2.71
2013-08-14,93.382,2.71
2013-08-15,93.5059,2.77
2013-08-16,93.4255,2.84
2013-08-19,93.6623,2.88
2013-08-20,93.5536,2.82
2013-08-21,94.0362,2.87
2013-08-22,94.2804,2.9
2013-08-23,93.9466,2.82
2013-08-26,94.1853,2.79
2013-08-27,94.3934,2.72
2013-08-28,94.4127,2.78
2013-08-29,94.6398,2.75
2013-08-30,94.7541,2.78
2013-09-03,94.9574,2.86
2013-09-04,94.5739,2.9
2013-09-05,94.8891,2.98
2013-09-06,94.2487,2.94
2013-09-09,94.0009,2.9
2013-09-10,93.938,2.96
2013-09-11,93.7112,2.93
2013-09-12,93.5903,2.92
2013-09-13,93.6666,2.9
2013-09-16,93.2875,2.88
2013-09-17,93.2231,2.86
2013-09-18,93.2569,2.69
2013-09-19,92.4082,2.76
2013-09-20,92.6049,2.75
2013-09-23,92.613,2.72
2013-09-24,92.7691,2.67
2013-09-25,92.7675,2.63
2013-09-26,93.0096,2.66
2013-09-27,92.9747,2.64
2013-09-30,92.9207,2.64
2013-10-01,92.9515,2.66
2013-10-02,92.772,2.63
2013-10-03,92.7461,2.62
2013-10-04,92.6469,2.66
2013-10-07,92.6725,2.65
2013-10-08,92.7558,2.66
2013-10-09,93.0829,2.68
2013-10-10,92.8579,2.71
2013-10-11,92.854,2.7
2013-10-15,92.7642,2.75
2013-10-16,92.6819,2.69
2013-10-17,92.0246,2.61
2013-10-18,91.9989,2.6
2013-10-21,92.2498,2.63
2013-10-22,91.9563,2.54
2013-10-23,92.0947,2.51
2013-10-24,92.1867,2.53
2013-10-25,92.1623,2.53
2013-10-28,92.1872,2.54
2013-10-29,92.301,2.53
2013-10-30,92.3057,2.55
2013-10-31,92.731,2.57
2013-11-01,93.155,2.65
2013-11-04,92.9359,2.63
2013-11-05,93.2112,2.69
2013-11-06,93.0943,2.67
2013-11-07,93.4003,2.63
2013-11-08,93.6619,2.77
2013-11-12,93.7651,2.8
2013-11-13,93.4848,2.75
2013-11-14,93.4328,2.69
2013-11-15,93.2854,2.71
2013-11-18,92.9824,2.67
2013-11-19,93.0649,2.71
2013-11-20,93.2501,2.8
2013-11-21,93.5638,2.79
2013-11-22,93.4198,2.75
2013-11-25,93.5539,2.74
2013-11-26,93.5226,2.71
2013-11-27,93.6864,2.74
2013-11-29,93.6291,2.75
2013-12-02,93.8856,2.81
2013-12-03,93.8251,2.79
2013-12-04,93.8997,2.84
2013-12-05,93.4954,2.88
2013-12-06,93.4045,2.88
2013-12-09,93.1444,2.86
2013-12-11,93.0842,2.86
2013-12-12,93.4292,2.89
2013-12-13,93.3568,2.88
2013-12-16,93.2175,2.89
2013-12-17,93.302,2.85
2013-12-18,93.4207,2.89
2013-12-19,93.7368,2.94
2013-12-20,93.7211,2.89
2013-12-23,93.572,2.94
2013-12-24,93.6734,2.99
2013-12-26,93.766,3.0
2013-12-27,93.7018,3.02
2013-12-30,93.4866,2.99
2013-12-31,93.5576,3.04
2014-01-02,93.8192,3.0
2014-01-03,93.853,3.01
2014-01-06,93.9109,2.98
2014-01-07,94.0398,2.96
2014-01-08,94.2181,3.01
2014-01-09,94.3299,2.97
2014-01-10,94.0045,2.88
2014-01-13,93.899,2.84
2014-01-14,94.0303,2.88
2014-01-15,94.341,2.9
2014-01-16,94.5507,2.86
2014-01-17,94.5846,2.84
2014-01-21,94.679,2.85
2014-01-22,94.8479,2.87
2014-01-23,94.8415,2.79
2014-01-24,94.8555,2.75
2014-01-27,94.9059,2.78
2014-01-28,94.88,2.77
2014-01-29,94.8621,2.69
2014-01-30,95.1294,2.72
2014-01-31,95.1774,2.67
2014-02-03,95.2469,2.61
2014-02-04,95.0438,2.64
2014-02-05,95.0285,2.7
2014-02-06,94.7177,2.73
2014-02-07,94.7457,2.71
2014-02-10,94.7189,2.7
2014-02-11,94.6377,2.75
2014-02-12,94.6209,2.8
2014-02-14,94.2711,2.75
2014-02-18,94.1934,2.71
2014-02-19,94.38,2.73
2014-02-20,94.6571,2.76
2014-02-24,94.4042,2.75
2014-02-25,94.4735,2.7
2014-02-26,94.7754,2.67
2014-02-27,94.6722,2.65
2014-02-28,94.3879,2.66
2014-03-04,94.6568,2.7
2014-03-05,94.4679,2.7
2014-03-06,93.9858,2.74
2014-03-07,94.2532,2.8
2014-03-10,94.3731,2.79
2014-03-11,94.387,2.77
2014-03-12,94.462,2.73
2014-03-13,94.1872,2.66
2014-03-14,94.243,2.65
2014-03-18,94.2631,2.68
2014-03-19,94.3752,2.78
2014-03-20,94.9986,2.79
2014-03-21,94.8547,2.75
2014-03-24,94.759,2.74
2014-03-25,94.6379,2.75
2014-03-26,94.5281,2.71
2014-03-27,94.3315,2.69
2014-03-28,94.3683,2.73
2014-03-31,94.2432,2.73
2014-04-01,94.1244,2.77
2014-04-02,94.3103,2.82
2014-04-03,94.512,2.8
2014-04-04,94.2191,2.74
2014-04-07,94.0881,2.71
2014-04-08,93.6579,2.69
2014-04-09,93.6716,2.71
2014-04-10,93.5123,2.65
2014-04-11,93.6395,2.63
2014-04-14,93.8046,2.65
2014-04-15,93.9486,2.64
2014-04-16,93.9461,2.65
2014-04-17,93.8936,2.73
2014-04-21,94.0337,2.73
2014-04-22,94.0802,2.73
2014-04-23,94.149,2.7
2014-04-24,94.1294,2.7
2014-04-25,94.1623,2.68
2014-04-28,94.1374,2.7
2014-04-29,94.0295,2.71
2014-04-30,93.8896,2.67
2014-05-01,93.8707,2.63
2014-05-02,93.8182,2.6
2014-05-05,93.7334,2.63
2014-05-06,93.4324,2.61
2014-05-07,93.4337,2.62
2014-05-08,93.3686,2.61
2014-05-09,93.6614,2.62
2014-05-12,93.6537,2.66
2014-05-13,93.6755,2.61
2014-05-14,93.5968,2.54
2014-05-15,93.7065,2.5
2014-05-16,93.6073,2.52
2014-05-19,93.502,2.54
2014-05-20,93.6699,2.52
2014-05-21,93.7629,2.54
2014-05-22,93.6944,2.56
2014-05-23,93.7042,2.54
2014-05-27,93.8418,2.52
2014-05-28,93.8793,2.44
2014-05-29,93.6973,2.45
2014-05-30,93.7606,2.48
2014-06-02,94.0006,2.54
2014-06-03,94.0536,2.6
2014-06-04,94.1239,2.61
2014-06-05,93.9732,2.59
2014-06-06,93.9069,2.6
2014-06-09,93.9628,2.62
2014-06-10,94.0638,2.64
2014-06-11,93.9744,2.65
2014-06-12,93.8155,2.58
2014-06-13,93.9168,2.6
2014-06-16,93.8639,2.61
2014-06-17,94.0829,2.66
2014-06-18,94.0525,2.61
2014-06-19,93.752,2.64
2014-06-20,93.7591,2.63
2014-06-23,93.628,2.63
2014-06-24,93.7093,2.59
2014-06-25,93.5851,2.57
2014-06-26,93.5471,2.53
2014-06-27,93.3983,2.54
2014-06-30,93.2058,2.53
2014-07-01,93.1365,2.58
2014-07-02,93.2478,2.64
2014-07-03,93.3149,2.65
2014-07-07,93.3803,2.63
2014-07-08,93.323,2.58
2014-07-09,93.228,2.57
2014-07-10,93.3152,2.55
2014-07-11,93.4171,2.53
2014-07-14,93.4101,2.55
2014-07-15,93.5796,2.56
2014-07-16,93.5991,2.55
2014-07-17,93.6586,2.47
2014-07-18,93.6608,2.5
2014-07-21,93.6069,2.49
2014-07-22,93.6306,2.48
2014-07-23,93.5951,2.48
2014-07-24,93.6836,2.52
2014-07-25,93.8294,2.48
2014-07-28,93.83,2.5
2014-07-29,94.0443,2.47
2014-07-30,94.3473,2.57
2014-07-31,94.4467,2.58
2014-08-01,94.4754,2.52
2014-08-04,94.448,2.51
2014-08-05,94.6754,2.49
2014-08-06,94.6092,2.49
2014-08-07,94.6364,2.43
2014-08-08,94.6027,2.44
2014-08-11,94.4767,2.44
2014-08-12,94.5211,2.46
2014-08-13,94.4681,2.43
2014-08-14,94.3508,2.4
2014-08-15,94.2941,2.34
2014-08-18,94.2519,2.39
2014-08-19,94.4356,2.4
2014-08-20,94.5937,2.43
2014-08-21,94.673,2.41
2014-08-22,94.8012,2.4
2014-08-25,94.9159,2.39
2014-08-26,94.8617,2.39
2014-08-27,94.6863,2.37
2014-08-28,94.6947,2.34
2014-08-29,94.7251,2.35
2014-09-02,95.063,2.42
2014-09-03,94.8709,2.41
2014-09-04,95.2641,2.45
2014-09-05,95.2203,2.46
2014-09-08,95.4167,2.48
2014-09-09,95.8811,2.5
2014-09-10,95.8641,2.54
2014-09-11,95.9184,2.54
2014-09-12,96.0748,2.62
2014-09-15,96.1195,2.6
2014-09-16,95.8483,2.6
2014-09-17,95.9106,2.62
2014-09-18,96.1284,2.63
2014-09-19,96.3417,2.59
2014-09-22,96.4625,2.57
2014-09-23,96.5112,2.54
2014-09-24,96.6574,2.57
2014-09-25,96.8988,2.52
2014-09-26,97.208,2.54
2014-09-29,97.3523,2.5
2014-09-30,97.5261,2.52
2014-10-01,97.5387,2.42
2014-10-02,97.3062,2.44
2014-10-03,97.9846,2.45
2014-10-06,97.5513,2.43
2014-10-07,97.4459,2.36
2014-10-08,97.4945,2.35
2014-10-09,97.1711,2.34
2014-10-10,97.4144,2.31
2014-10-14,97.3943,2.21
2014-10-15,97.3532,2.15
2014-10-16,97.2869,2.17
2014-10-17,97.3067,2.22
2014-10-20,97.2874,2.2
2014-10-21,97.2488,2.23
2014-10-22,97.459,2.25
2014-10-23,97.6047,2.29
2014-10-24,97.4772,2.29
2014-10-27,97.5423,2.27
2014-10-28,97.2173,2.3
2014-10-29,97.0145,2.34
2014-10-30,97.456,2.32
2014-10-31,98.1163,2.35
2014-11-03,98.5336,2.36
2014-11-04,98.5576,2.35
2014-11-05,98.8086,2.36
2014-11-06,99.1325,2.39
2014-11-07,99.0236,2.32
2014-11-10,98.9305,2.38
2014-11-12,98.8897,2.37
2014-11-13,99.1045,2.35
2014-11-14,99.0917,2.32
2014-11-17,99.2188,2.34
2014-11-18,99.0185,2.32
2014-11-19,99.2424,2.36
2014-11-20,99.2554,2.34
2014-11-21,99.2894,2.31
2014-11-24,99.4227,2.3
2014-11-25,99.2837,2.27
2014-11-26,99.1893,2.24
2014-11-28,100.0719,2.18
2014-12-01,99.8964,2.22
2014-12-02,100.4478,2.28
2014-12-03,100.5696,2.29
2014-12-04,100.3931,2.25
2014-12-05,101.0989,2.31
2014-12-08,101.31,2.26
2014-12-09,100.8095,2.22
2014-12-10,101.0212,2.18
2014-12-11,101.4448,2.19
2014-12-12,101.3735,2.1
2014-12-15,101.674,2.12
2014-12-16,101.526,2.07
2014-12-17,101.5527,2.14
2014-12-18,101.7531,2.22
2014-12-19,102.0483,2.17
2014-12-22,101.9942,2.17
2014-12-23,102.348,2.26
2014-12-24,102.3028,2.27
2014-12-29,102.3767,2.22
2014-12-30,102.1019,2.2
2014-12-31,102.2843,2.17
2015-01-02,102.9027,2.12
2015-01-05,103.4976,2.04
2015-01-06,103.2938,1.97
2015-01-07,103.6316,1.96
2015-01-08,103.2799,2.03
2015-01-09,103.1213,1.98
2015-01-12,103.2372,1.92
2015-01-13,103.27,1.91
2015-01-14,103.0903,1.86
2015-01-15,103.0829,1.77
2015-01-16,103.2189,1.83
2015-01-20,103.5233,1.82
2015-01-21,103.7858,1.87
2015-01-22,103.9271,1.9
2015-01-23,104.3676,1.81
2015-01-26,104.4818,1.83
2015-01-27,104.1646,1.83
2015-01-28,104.4737,1.73
2015-01-29,105.2763,1.77
2015-01-30,105.5884,1.68
2015-02-02,105.2058,1.68
2015-02-03,104.6063,1.79
2015-02-04,104.785,1.81
2015-02-05,104.4915,1.83
2015-02-06,105.1283,1.95
2015-02-09,104.9889,1.96
2015-02-10,105.2897,2.01
2015-02-11,105.7901,2.0
2015-02-12,104.9385,1.99
2015-02-13,104.8452,2.02
2015-02-18,105.2514,2.07
2015-02-19,105.1407,2.11
2015-02-20,105.3387,2.13
2015-02-23,105.5359,2.06
2015-02-24,105.5472,1.99
2015-02-25,105.0503,1.96
2015-02-26,105.5021,2.03
2015-02-27,105.5981,2.0
2015-03-02,105.8151,2.08
2015-03-03,105.5562,2.12
2015-03-04,106.1333,2.12
2015-03-06,107.4337,2.24
2015-03-09,107.5199,2.2
2015-03-10,108.1165,2.14
2015-03-11,108.5235,2.11
2015-03-12,108.1741,2.1
2015-03-13,108.9174,2.13
2015-03-16,108.6422,2.1
2015-03-17,108.5805,2.06
2015-03-18,108.408,1.93
2015-03-19,108.1826,1.98
2015-03-20,107.1671,1.93
2015-03-23,106.5022,1.92
2015-03-24,106.4401,1.88
2015-03-25,106.2636,1.93
2015-03-26,106.5582,2.01
2015-03-27,106.8916,1.95
2015-03-30,107.3941,1.96
2015-03-31,107.4396,1.94
2015-04-01,107.06,1.87
2015-04-02,106.6738,1.92
2015-04-03,105.8861,1.85
2015-04-06,105.7876,1.92
2015-04-07,106.4488,1.89
2015-04-08,106.4231,1.92
2015-04-09,107.0335,1.97
2015-04-10,107.4526,1.96
2015-04-13,107.7508,1.94
2015-04-14,107.0547,1.9
2015-04-15,107.1855,1.91
2015-04-16,106.2761,1.9
2015-04-17,106.329,1.87
2015-04-20,106.4902,1.9
2015-04-21,106.5582,1.92
2015-04-22,106.5815,1.99
2015-04-23,106.1658,1.96
2015-04-24,105.905,1.93
2015-04-27,105.6891,1.94
2015-04-28,105.1234,2.0
2015-04-29,104.5634,2.06
2015-04-30,105.312,2.05
2015-05-01,105.6382,2.12
2015-05-04,105.6679,2.16
2015-05-05,105.2396,2.19
2015-05-06,104.6935,2.25
2015-05-07,105.1941,2.18
2015-05-08,104.8424,2.16
2015-05-11,105.3075,2.28
2015-05-12,104.8924,2.28
2015-05-13,104.3608,2.27
2015-05-14,104.2359,2.23
2015-05-15,104.0202,2.14
2015-05-18,104.6068,2.23
2015-05-19,105.3448,2.27
2015-05-20,105.5605,2.26
2015-05-21,105.3808,2.19
2015-05-22,105.8487,2.21
2015-05-26,106.7294,2.14
2015-05-27,106.908,2.14
2015-05-28,106.92,2.13
2015-05-29,106.7388,2.12
2015-06-01,107.2238,2.19
2015-06-02,106.4507,2.27
2015-06-03,106.1443,2.38
2015-06-04,106.4725,2.31
2015-06-05,107.1336,2.41
2015-06-08,106.7693,2.39
2015-06-09,106.2238,2.42
2015-06-10,105.8037,2.5
2015-06-11,106.0934,2.39
2015-06-12,105.9015,2.39
2015-06-15,105.9989,2.36
2015-06-16,106.0473,2.32
2015-06-17,106.058,2.32
2015-06-18,105.102,2.35
2015-06-19,105.4496,2.26
2015-06-22,105.3846,2.37
2015-06-23,105.9678,2.42
2015-06-24,106.2522,2.38
2015-06-25,106.1515,2.4
2015-06-26,106.4116,2.49
2015-06-29,106.3785,2.33
2015-06-30,106.5191,2.35
2015-07-01,107.0101,2.43
2015-07-02,106.9106,2.4
2015-07-06,107.1343,2.3
2015-07-07,107.785,2.27
2015-07-08,107.4734,2.22
2015-07-09,107.5595,2.32
2015-07-10,107.213,2.42
2015-07-13,107.5849,2.44
2015-07-14,107.4843,2.41
2015-07-15,108.0149,2.36
2015-07-16,108.1726,2.36
2015-07-17,108.5374,2.34
2015-07-20,108.6944,2.38
2015-07-21,108.3893,2.35
2015-07-22,108.7817,2.33
2015-07-23,108.7565,2.28
2015-07-24,109.0174,2.27
2015-07-27,108.6924,2.23
2015-07-28,108.6881,2.26
2015-07-29,108.604,2.29
2015-07-30,109.4328,2.28
2015-07-31,108.7819,2.2
2015-08-03,109.214,2.16
2015-08-04,109.2244,2.23
2015-08-05,109.842,2.28
2015-08-06,109.722,2.23
2015-08-07,109.4376,2.18
2015-08-10,109.1931,2.24
2015-08-11,109.9464,2.15
2015-08-12,109.4655,2.14
2015-08-13,109.9025,2.19
2015-08-14,109.9174,2.2
2015-08-17,110.1435,2.16
2015-08-18,110.2504,2.2
2015-08-19,110.4333,2.12
2015-08-20,110.1077,2.09
2015-08-21,110.1443,2.05
2015-08-24,109.9306,2.01
2015-08-25,110.3394,2.12
2015-08-26,110.5807,2.18
2015-08-27,110.4834,2.18
2015-08-28,110.6714,2.19
2015-08-31,110.5621,2.21
2015-09-01,110.4506,2.17
2015-09-02,110.7979,2.2
2015-09-03,110.8566,2.18
2015-09-04,111.1018,2.13
2015-09-08,110.7942,2.2
2015-09-09,110.9225,2.21
2015-09-10,110.6331,2.23
2015-09-11,110.6109,2.2
2015-09-14,110.5005,2.18
2015-09-15,110.6394,2.28
2015-09-16,110.1021,2.3
2015-09-17,110.1212,2.21
2015-09-18,109.8165,2.13
2015-09-21,110.6414,2.2
2015-09-22,111.1967,2.14
2015-09-23,111.6287,2.16
2015-09-24,111.4454,2.13
2015-09-25,111.3725,2.17
2015-09-28,111.3914,2.1
2015-09-29,111.5219,2.05
2015-09-30,111.3311,2.06
2015-10-01,111.0439,2.05
2015-10-02,110.7006,1.99
2015-10-05,110.4445,2.07
2015-10-06,110.1371,2.05
2015-10-07,109.8162,2.08
2015-10-08,109.6452,2.12
2015-10-09,109.0782,2.12
2015-10-13,109.4119,2.06
2015-10-14,109.1244,1.99
2015-10-15,108.6671,2.04
2015-10-16,108.9956,2.04
2015-10-19,109.3858,2.04
2015-10-20,109.3368,2.08
2015-10-21,109.7746,2.04
2015-10-22,110.0342,2.04
2015-10-23,110.4329,2.09
2015-10-26,110.2089,2.07
2015-10-27,110.4875,2.05
2015-10-28,110.2334,2.1
2015-10-29,110.8083,2.19
2015-10-30,110.2079,2.16
2015-11-02,110.2188,2.2
2015-11-03,110.244,2.23
2015-11-04,110.7139,2.25
2015-11-05,110.8302,2.26
2015-11-06,111.7603,2.34
2015-11-09,111.9112,2.36
2015-11-10,111.9919,2.32
2015-11-12,111.7965,2.32
2015-11-13,112.0264,2.28
2015-11-16,112.2199,2.27
2015-11-17,112.3141,2.25
2015-11-18,112.3663,2.27
2015-11-19,111.5749,2.24
2015-11-20,111.7799,2.26
2015-11-23,112.1125,2.25
2015-11-24,111.7638,2.24
2015-11-25,111.8936,2.23
2015-11-27,112.2824,2.22
2015-11-30,112.34,2.21
2015-12-01,112.1134,2.15
2015-12-02,112.3715,2.18
2015-12-03,111.6407,2.33
2015-12-04,111.5463,2.28
2015-12-07,112.3056,2.23
2015-12-08,112.5485,2.24
2015-12-09,112.1918,2.22
2015-12-10,112.2672,2.24
2015-12-11,112.7147,2.13
2015-12-14,112.7521,2.23
2015-12-15,112.8609,2.28
2015-12-16,112.9864,2.3
2015-12-17,113.8177,2.24
2015-12-18,113.2837,2.19
2015-12-21,113.4144,2.2
2015-12-22,113.211,2.24
2015-12-23,113.1847,2.27
2015-12-24,113.0496,2.25
2015-12-28,113.0461,2.24
2015-12-29,113.1664,2.32
2015-12-30,113.4707,2.31
2015-12-31,113.3429,2.27
2016-01-04,114.1595,2.24
2016-01-05,114.2649,2.25
2016-01-06,114.6177,2.18
2016-01-07,114.6516,2.16
2016-01-08,115.0095,2.13
2016-01-11,115.0139,2.17
2016-01-12,115.3128,2.12
2016-01-13,115.1425,2.08
2016-01-14,115.3846,2.1
2016-01-15,115.7404,2.03
2016-01-19,115.8155,2.06
2016-01-20,116.3498,2.01
2016-01-21,115.9833,2.02
2016-01-27,115.5087,2.02
2016-01-28,115.2224,2.0
2016-01-29,115.5731,1.94
2016-02-01,115.3331,1.97
2016-02-02,115.553,1.87
2016-02-03,114.6144,1.88
2016-02-04,113.6012,1.87
2016-02-05,114.2935,1.86
2016-02-08,114.4351,1.75
2016-02-09,114.127,1.74
2016-02-10,114.2877,1.71
2016-02-11,114.1845,1.63
2016-02-12,114.2992,1.74
2016-02-16,114.4905,1.78
2016-02-17,113.8634,1.81
2016-02-18,113.8897,1.75
2016-02-19,113.9558,1.76
2016-02-22,113.8232,1.77
2016-02-23,114.177,1.74
2016-02-24,114.1716,1.75
2016-02-25,113.9222,1.71
2016-02-26,114.3708,1.76
2016-02-29,114.2418,1.74
2016-03-01,113.9265,1.83
2016-03-02,113.7965,1.84
2016-03-03,113.2482,1.83
2016-03-04,112.6387,1.88
2016-03-07,112.6219,1.91
2016-03-08,112.8465,1.83
2016-03-09,112.4268,1.9
2016-03-10,112.4191,1.93
2016-03-11,111.741,1.98
2016-03-14,112.1688,1.97
2016-03-15,112.5545,1.97
2016-03-16,112.7759,1.94
2016-03-17,110.445,1.91
2016-03-18,110.4002,1.88
2016-03-21,110.737,1.92
2016-03-22,110.7877,1.94
2016-03-23,111.5473,1.88
2016-03-24,111.816,1.91
2016-03-28,111.3578,1.89
2016-03-29,111.3736,1.81
2016-03-30,110.2301,1.83
2016-03-31,109.9191,1.78
2016-04-01,110.2977,1.79
2016-04-04,110.3987,1.78
2016-04-05,110.9478,1.73
2016-04-06,110.5347,1.76
2016-04-07,110.8876,1.7
2016-04-08,110.4213,1.72
2016-04-11,109.9758,1.73
2016-04-12,109.816,1.79
2016-04-13,110.1436,1.77
2016-04-14,110.1691,1.8
2016-04-15,110.1933,1.76
2016-04-18,109.9892,1.78
2016-04-19,109.2782,1.79
2016-04-20,109.3926,1.85
2016-04-21,109.8533,1.88
2016-04-22,110.2331,1.89
2016-04-25,110.1865,1.91
2016-04-26,109.7496,1.94
2016-04-27,109.8483,1.87
2016-04-28,109.2148,1.84
2016-04-29,108.8274,1.83
2016-05-02,108.671,1.88
2016-05-03,109.3613,1.81
2016-05-04,109.9952,1.79
2016-05-05,110.2417,1.76
2016-05-06,110.3801,1.79
2016-05-09,110.9466,1.77
2016-05-10,110.8225,1.77
2016-05-11,110.2806,1.73
2016-05-12,110.6935,1.75
2016-05-13,111.2521,1.71
2016-05-16,111.1217,1.75
2016-05-17,111.0867,1.76
2016-05-18,111.4995,1.87
2016-05-19,112.2331,1.85
2016-05-20,112.1822,1.85
2016-05-23,112.284,1.84
2016-05-24,112.2912,1.86
2016-05-25,112.2001,1.87
2016-05-26,111.8979,1.83
2016-05-27,112.0822,1.85
2016-05-31,112.4276,1.84
2016-06-01,112.462,1.85
2016-06-02,112.4564,1.81
2016-06-03,111.4451,1.71
2016-06-06,111.2295,1.73
2016-06-07,110.8378,1.72
2016-06-08,110.1916,1.71
2016-06-09,110.6168,1.68
2016-06-10,111.1027,1.64
2016-06-13,111.5036,1.62
2016-06-14,111.9826,1.62
2016-06-15,111.7671,1.6
2016-06-16,112.2347,1.57
2016-06-17,111.5332,1.62
2016-06-20,110.8693,1.67
2016-06-21,111.0077,1.71
2016-06-22,110.7681,1.69
2016-06-23,110.262,1.74
2016-06-24,112.1355,1.57
2016-06-27,113.1301,1.46
2016-06-28,112.7545,1.46
2016-06-29,111.8597,1.5
2016-06-30,112.1618,1.49
2016-07-01,111.6509,1.46
2016-07-05,112.4231,1.37
2016-07-06,112.5438,1.38
2016-07-07,112.5775,1.4
2016-07-08,112.3963,1.37
2016-07-11,112.5254,1.43
2016-07-12,112.1102,1.53
2016-07-13,112.0266,1.48
2016-07-14,111.7692,1.53
2016-07-15,112.2833,1.6
2016-07-18,112.2463,1.59
2016-07-19,112.638,1.56
2016-07-20,112.6743,1.59
2016-07-21,112.6239,1.57
2016-07-22,112.989,1.57
2016-07-25,113.1784,1.58
2016-07-26,113.0593,1.57
2016-07-27,113.217,1.52
2016-07-28,112.7393,1.52
2016-07-29,111.874,1.46
2016-08-01,111.9757,1.51
2016-08-02,111.7124,1.55
2016-08-03,111.9419,1.55
2016-08-04,111.9149,1.51
2016-08-05,112.3589,1.59
2016-08-08,112.1456,1.59
2016-08-09,111.722,1.55
2016-08-10,111.3238,1.5
2016-08-11,111.1954,1.57
2016-08-12,111.1787,1.51
2016-08-15,110.9212,1.55
2016-08-16,110.4295,1.57
2016-08-17,110.9459,1.56
2016-08-18,110.3134,1.53
2016-08-19,110.8163,1.58
2016-08-22,110.9997,1.55
2016-08-23,110.9414,1.55
2016-08-24,111.2958,1.56
2016-08-25,111.1726,1.58
2016-08-26,111.2035,1.62
2016-08-29,111.8775,1.57
2016-08-30,112.2928,1.57
2016-08-31,112.4036,1.58
2016-09-01,112.1733,1.57
2016-09-02,112.0009,1.6
2016-09-06,110.9613,1.55
2016-09-07,110.9717,1.54
2016-09-08,111.2609,1.61
2016-09-09,111.9879,1.67
2016-09-12,112.1516,1.68
2016-09-13,112.5207,1.73
2016-09-14,112.4678,1.7
2016-09-15,112.4753,1.71
2016-09-16,113.1765,1.7
2016-09-19,112.903,1.7
2016-09-20,113.1848,1.69
2016-09-21,112.9842,1.66
2016-09-22,112.2592,1.63
2016-09-23,112.7166,1.62
2016-09-26,112.7112,1.59
2016-09-27,112.5515,1.56
2016-09-28,112.6283,1.57
2016-09-29,112.2879,1.56
2016-09-30,112.2795,1.6
2016-10-03,112.5077,1.63
2016-10-04,112.6579,1.69
2016-10-05,112.7946,1.72
2016-10-06,113.0066,1.75
2016-10-07,113.2915,1.73
2016-10-11,113.4461,1.77
2016-10-12,113.7442,1.79
2016-10-13,113.6238,1.75
2016-10-14,113.7119,1.8
2016-10-17,113.5488,1.77
2016-10-18,113.1393,1.75
2016-10-19,113.0547,1.76
2016-10-20,113.4033,1.76
2016-10-21,113.9015,1.74
2016-10-24,113.8571,1.77
2016-10-25,113.6801,1.77
2016-10-26,113.8131,1.79
2016-10-27,114.1998,1.85
2016-10-28,114.0931,1.86
2016-10-31,114.0188,1.84
2016-11-01,113.9915,1.83
2016-11-02,113.9206,1.81
2016-11-03,113.7664,1.82
2016-11-04,113.5828,1.79
2016-11-07,113.5443,1.83
2016-11-08,113.3017,1.88
2016-11-09,114.6956,2.07
2016-11-10,115.9375,2.15
2016-11-14,117.2245,2.23
2016-11-15,116.7724,2.23
2016-11-16,116.8062,2.22
2016-11-17,116.8952,2.29
2016-11-18,117.5936,2.34
2016-11-21,117.4762,2.33
2016-11-22,117.4508,2.31
2016-11-23,118.0356,2.36
2016-11-25,118.02,2.36
2016-11-28,117.7278,2.32
2016-11-29,117.644,2.3
2016-11-30,117.7636,2.37
2016-12-01,117.6642,2.45
2016-12-02,117.3116,2.4
2016-12-05,117.1008,2.39
2016-12-06,116.9225,2.39
2016-12-07,116.672,2.34
2016-12-08,117.0327,2.4
2016-12-09,117.2834,2.47
2016-12-12,116.9161,2.49
2016-12-13,116.8029,2.48
2016-12-14,116.7332,2.54
2016-12-15,118.8072,2.6
2016-12-16,118.3584,2.6
2016-12-19,118.3875,2.54
2016-12-20,118.63,2.57
2016-12-21,118.581,2.55
2016-12-22,118.8209,2.55
2016-12-23,118.7856,2.55
2016-12-27,118.9506,2.57
2016-12-28,119.2305,2.51
2016-12-29,118.6637,2.49
2016-12-30,118.3466,2.45
2017-01-03,119.0903,2.45
2017-01-04,118.8803,2.46
2017-01-05,117.9999,2.37
2017-01-06,118.3495,2.42
2017-01-09,118.4111,2.38
2017-01-10,118.5386,2.38
2017-01-11,119.0219,2.38
2017-01-12,117.8001,2.36
2017-01-13,117.9884,2.4
2017-01-17,117.2656,2.33
2017-01-18,117.7242,2.42
2017-01-19,118.3182,2.47
2017-01-23,117.2479,2.41
2017-01-24,117.0516,2.47
2017-01-25,116.9355,2.53
2017-01-26,117.2766,2.51
2017-01-27,117.0735,2.49
2017-01-30,116.7325,2.49
2017-01-31,116.2241,2.45
2017-02-01,116.3914,2.48
2017-02-02,115.903,2.48
2017-02-03,115.6259,2.49
2017-02-06,116.0504,2.42
2017-02-07,116.4082,2.4
2017-02-08,116.1382,2.34
2017-02-09,116.306,2.4
2017-02-10,116.148,2.41
2017-02-13,116.3427,2.43
2017-02-14,116.3949,2.47
2017-02-15,116.2162,2.51
2017-02-16,116.0067,2.45
2017-02-17,116.4035,2.42
2017-02-21,116.5921,2.43
2017-02-22,116.2136,2.42
2017-02-23,115.6527,2.38
2017-02-24,115.8143,2.31
2017-02-27,115.6764,2.36
2017-02-28,116.0032,2.36
2017-03-01,116.438,2.46
2017-03-02,116.8429,2.49
2017-03-03,116.6438,2.49
2017-03-06,116.4313,2.49
2017-03-07,116.4303,2.52
2017-03-08,116.875,2.57
2017-03-09,116.9959,2.6
2017-03-10,116.616,2.58
2017-03-13,116.4004,2.62
2017-03-14,116.5646,2.6
2017-03-15,116.3584,2.51
2017-03-16,115.4456,2.53
2017-03-17,115.2783,2.5
2017-03-20,115.0426,2.47
2017-03-21,114.8119,2.43
2017-03-22,114.7937,2.4
2017-03-23,114.7899,2.41
2017-03-24,114.6372,2.4
2017-03-27,114.2347,2.38
2017-03-28,114.419,2.42
2017-03-29,114.7167,2.39
2017-03-30,114.5245,2.42
2017-03-31,114.7938,2.4
2017-04-03,114.8734,2.35
2017-04-04,115.0038,2.36
2017-04-05,114.9494,2.34
2017-04-06,115.0181,2.34
2017-04-07,115.0547,2.38
2017-04-10,115.11,2.37
2017-04-11,115.009,2.32
2017-04-12,114.9162,2.28
2017-04-13,114.5059,2.24
2017-04-17,114.3283,2.26
2017-04-18,114.2575,2.18
2017-04-19,114.7923,2.21
2017-04-20,114.6205,2.24
2017-04-21,114.8128,2.24
2017-04-24,114.3659,2.28
2017-04-25,114.5111,2.35
2017-04-26,114.9479,2.32
2017-04-27,114.9946,2.3
2017-04-28,114.7877,2.29
2017-05-01,114.5921,2.33
2017-05-02,114.6792,2.29
2017-05-03,114.6637,2.33
2017-05-04,114.9076,2.36
2017-05-05,114.7725,2.36
2017-05-08,115.0895,2.39
2017-05-09,115.3933,2.42
2017-05-10,115.1145,2.41
2017-05-11,115.0669,2.39
2017-05-12,114.7479,2.33
2017-05-15,114.3504,2.34
2017-05-16,113.9923,2.33
2017-05-17,113.7506,2.22
2017-05-18,114.2683,2.23
2017-05-19,113.7001,2.23
2017-05-22,113.5442,2.25
2017-05-23,113.6862,2.29
2017-05-24,113.675,2.26
2017-05-25,113.3719,2.25
2017-05-26,113.4839,2.25
2017-05-30,113.5552,2.21
2017-05-31,113.2956,2.21
2017-06-01,113.3017,2.21
2017-06-02,113.1908,2.15
2017-06-05,112.9755,2.18
2017-06-06,112.7095,2.14
2017-06-07,112.8191,2.18
2017-06-08,112.8351,2.19
2017-06-09,112.9562,2.21
2017-06-12,112.9837,2.21
2017-06-13,112.6271,2.21
2017-06-14,112.0734,2.15
2017-06-15,112.8708,2.16
2017-06-16,112.6155,2.16
2017-06-19,112.7576,2.19
2017-06-20,113.2698,2.16
2017-06-21,113.3327,2.16
2017-06-22,113.1654,2.15
2017-06-23,112.8665,2.15
2017-06-26,112.7633,2.14
2017-06-27,112.55,2.21
2017-06-28,112.0747,2.22
2017-06-29,111.998,2.27
2017-06-30,111.9896,2.31
2017-07-03,112.4268,2.35
2017-07-05,112.6534,2.33
2017-07-06,112.4199,2.37
2017-07-07,112.3137,2.39
2017-07-10,112.1587,2.38
2017-07-11,112.1434,2.37
2017-07-12,111.5904,2.33
2017-07-13,111.5365,2.35
2017-07-14,110.9075,2.33
2017-07-17,110.9304,2.31
2017-07-18,110.4356,2.27
2017-07-19,110.4339,2.27
2017-07-20,110.2512,2.27
2017-07-21,110.191,2.24
2017-07-24,110.2004,2.26
2017-07-25,110.2835,2.33
2017-07-26,110.3811,2.29
2017-07-27,110.216,2.32
2017-07-28,109.92,2.3
2017-07-31,109.8177,2.3
2017-08-01,109.8495,2.26
2017-08-02,109.7503,2.27
2017-08-03,109.8332,2.24
2017-08-04,110.2808,2.27
2017-08-07,110.373,2.26
2017-08-08,110.396,2.29
2017-08-09,110.3671,2.24
2017-08-10,110.1886,2.2
2017-08-11,110.0422,2.19
2017-08-14,110.095,2.22
2017-08-15,110.4846,2.27
2017-08-16,110.4394,2.23
2017-08-17,110.1673,2.19
2017-08-18,110.041,2.19
2017-08-21,109.7349,2.18
2017-08-22,109.8386,2.22
2017-08-23,109.8095,2.17
2017-08-24,109.7524,2.19
2017-08-25,109.3415,2.17
2017-08-28,109.1815,2.16
2017-08-29,109.0946,2.13
2017-08-30,109.4052,2.15
2017-08-31,109.3686,2.12
2017-09-01,109.0504,2.16
2017-09-05,108.8664,2.07
2017-09-06,108.4897,2.1
2017-09-07,107.9224,2.05
2017-09-08,107.808,2.06
2017-09-11,108.153,2.14
2017-09-12,108.3239,2.17
2017-09-13,108.6628,2.2
2017-09-14,108.618,2.2
2017-09-15,108.3147,2.2
2017-09-18,108.6401,2.23
2017-09-19,108.6142,2.24
2017-09-20,108.4329,2.28
2017-09-21,108.9267,2.27
2017-09-22,108.7542,2.26
2017-09-25,109.3302,2.22
2017-09-26,109.7769,2.24
2017-09-27,110.0722,2.31
2017-09-28,110.2415,2.31
2017-09-29,110.0867,2.33
2017-10-02,110.3686,2.34
2017-10-03,110.3281,2.33
2017-10-04,110.2425,2.33
2017-10-05,110.5823,2.35
2017-10-06,110.7841,2.37
2017-10-10,110.3034,2.35
2017-10-11,110.3037,2.35
2017-10-12,110.3152,2.33
2017-10-13,110.2669,2.28
2017-10-16,110.5432,2.3
2017-10-17,110.9141,2.3
2017-10-18,110.7214,2.34
2017-10-19,110.4577,2.33
2017-10-20,111.0375,2.39
2017-10-23,111.2134,2.38
2017-10-24,111.4027,2.42
2017-10-25,111.3904,2.44
2017-10-26,111.6418,2.46
2017-10-27,112.1495,2.42
2017-10-30,111.901,2.37
2017-10-31,111.8052,2.38
2017-11-01,111.7942,2.37
2017-11-02,111.5474,2.35
2017-11-03,111.9383,2.34
2017-11-06,111.7197,2.32
2017-11-07,111.9446,2.32
2017-11-08,111.6935,2.32
2017-11-09,111.5626,2.33
2017-11-13,111.7833,2.4
2017-11-14,111.5097,2.38
2017-11-15,111.4809,2.33
2017-11-16,111.2568,2.37
2017-11-17,111.0016,2.35
2017-11-20,111.2599,2.37
2017-11-21,110.9828,2.36
2017-11-22,110.5632,2.32
2017-11-24,110.0253,2.34
2017-11-27,110.1136,2.32
2017-11-28,110.3018,2.34
2017-11-29,110.3265,2.37
2017-11-30,110.4648,2.42
2017-12-01,110.1413,2.37
2017-12-04,110.397,2.37
2017-12-05,110.4905,2.36
2017-12-06,110.8711,2.33
2017-12-07,111.0178,2.37
2017-12-08,111.2273,2.38
2017-12-11,111.0827,2.39
2017-12-12,111.5214,2.4
2017-12-13,111.2759,2.36
2017-12-14,111.0893,2.35
2017-12-15,111.1286,2.35
2017-12-18,110.9086,2.39
2017-12-19,111.1255,2.46
2017-12-20,110.8361,2.49
2017-12-21,110.8786,2.48
2017-12-22,111.0997,2.48
2017-12-26,110.9758,2.47
2017-12-27,110.8553,2.42
2017-12-28,110.5154,2.43
2017-12-29,110.0783,2.4
2018-01-02,109.6445,2.46
2018-01-03,109.6751,2.44
2018-01-04,109.4777,2.46
2018-01-05,109.3496,2.47
2018-01-08,109.5681,2.49
2018-01-09,109.9025,2.55
2018-01-10,109.628,2.55
2018-01-11,109.4888,2.54
2018-01-12,108.901,2.55
2018-01-16,108.3218,2.54
2018-01-17,108.1526,2.57
2018-01-18,108.0655,2.62
2018-01-19,107.9455,2.64
2018-01-22,108.107,2.66
2018-01-23,107.9979,2.63
2018-01-24,107.0802,2.65
2018-01-25,106.5052,2.63
2018-01-26,106.6911,2.66
2018-01-29,107.1142,2.7
2018-01-30,107.1064,2.73
2018-01-31,106.7696,2.72
2018-02-01,106.4877,2.78
2018-02-02,107.1151,2.84
2018-02-05,107.33,2.77
2018-02-06,107.5204,2.79
2018-02-07,107.7175,2.84
2018-02-08,108.3025,2.85
2018-02-09,108.2582,2.83
2018-02-12,108.0332,2.86
2018-02-13,107.7574,2.83
2018-02-14,107.4691,2.91
2018-02-15,106.9867,2.9
2018-02-16,107.0359,2.87
2018-02-20,107.6249,2.88
2018-02-21,107.8679,2.94
2018-02-22,107.8668,2.92
2018-02-23,107.6804,2.88
2018-02-26,107.7347,2.86
2018-02-27,108.1731,2.9
2018-02-28,108.3903,2.87
2018-03-01,108.5358,2.81
2018-03-05,108.3614,2.88
2018-03-06,107.7969,2.88
2018-03-07,108.0911,2.89
2018-03-08,108.2671,2.86
2018-03-09,107.923,2.9
2018-03-12,107.9438,2.87
2018-03-13,107.7384,2.84
2018-03-14,107.8623,2.81
2018-03-15,108.2032,2.82
2018-03-16,108.4332,2.85
2018-03-19,108.3145,2.85
2018-03-20,108.4953,2.89
2018-03-22,107.9935,2.83
2018-03-23,107.7495,2.82
2018-03-26,107.1819,2.85
2018-03-27,107.3359,2.78
2018-03-28,107.5733,2.77
2018-03-29,107.665,2.74
2018-04-02,107.7033,2.73
2018-04-03,107.5624,2.79
2018-04-04,107.6361,2.79
2018-04-05,107.7281,2.83
2018-04-06,107.7886,2.77
2018-04-09,107.5316,2.78
2018-04-10,107.3659,2.8
2018-04-11,107.1224,2.79
2018-04-12,107.2905,2.83
2018-04-13,107.2368,2.82
2018-04-16,107.0595,2.83
2018-04-17,107.0344,2.82
2018-04-18,107.1096,2.87
2018-04-19,107.5197,2.92
2018-04-20,108.1787,2.96
2018-04-23,108.9332,2.98
2018-04-24,108.7906,3.0
2018-04-25,109.3447,3.03
2018-04-26,109.3646,3.0
2018-04-27,109.1735,2.96
2018-04-30,109.3363,2.95
2018-05-01,109.7445,2.97
2018-05-02,110.1625,2.97
2018-05-03,110.1803,2.94
2018-05-04,110.25,2.95
2018-05-07,110.5721,2.95
2018-05-08,111.063,2.97
2018-05-09,110.8818,3.0
2018-05-10,110.405,2.97
2018-05-11,110.2847,2.97
2018-05-14,110.408,3.0
2018-05-15,111.2292,3.08
2018-05-16,111.3068,3.09
2018-05-17,111.3547,3.11
2018-05-18,111.7171,3.06
2018-05-21,111.6394,3.06
2018-05-22,111.1945,3.06
2018-05-23,111.6933,3.01
2018-05-24,111.4885,2.98
2018-05-25,111.5843,2.93
2018-05-29,112.2127,2.77
2018-05-30,111.6731,2.84
2018-05-31,111.9894,2.83
2018-06-01,111.8265,2.89
2018-06-04,111.8247,2.94
2018-06-05,112.264,2.92
2018-06-06,111.7525,2.97
2018-06-07,112.0725,2.93
2018-06-08,112.1066,2.93
2018-06-11,112.1106,2.96
2018-06-12,112.2138,2.96
2018-06-13,112.2577,2.98
2018-06-14,112.8593,2.94
2018-06-15,113.3379,2.93
2018-06-18,113.4899,2.92
2018-06-19,113.639,2.89
2018-06-20,113.4784,2.93
2018-06-21,113.6109,2.9
2018-06-22,113.3047,2.9
2018-06-25,113.286,2.87
2018-06-26,113.3016,2.88
2018-06-27,113.8971,2.83
2018-06-28,113.8405,2.84
2018-06-29,113.2586,2.85
2018-07-02,114.1673,2.87
2018-07-03,113.3222,2.83
2018-07-05,112.9759,2.84
2018-07-06,112.6428,2.82
2018-07-09,112.6425,2.86
2018-07-10,112.5794,2.87
2018-07-11,112.8582,2.85
2018-07-12,112.779,2.85
2018-07-13,113.0705,2.83
2018-07-16,112.8437,2.85
2018-07-17,113.1504,2.86
2018-07-18,113.3348,2.88
2018-07-19,113.9463,2.84
2018-07-20,113.3213,2.89
2018-07-23,113.4246,2.96
2018-07-24,113.2045,2.95
2018-07-25,112.9221,2.94
2018-07-26,112.9179,2.98
2018-07-27,112.8125,2.96
2018-07-30,112.6044,2.98
2018-07-31,112.7299,2.96
2018-08-01,112.8899,3.0
2018-08-02,113.1679,2.98
2018-08-03,113.012,2.95
2018-08-06,113.229,2.94
2018-08-07,112.9759,2.98
2018-08-08,113.1411,2.96
2018-08-09,113.3806,2.93
2018-08-10,114.3005,2.87
2018-08-13,114.851,2.88
2018-08-14,114.658,2.89
2018-08-15,115.1526,2.86
2018-08-16,114.6416,2.87
2018-08-17,114.5339,2.87
2018-08-20,114.3504,2.82
2018-08-21,113.8604,2.85
2018-08-22,113.663,2.82
2018-08-23,114.0932,2.82
2018-08-24,113.5985,2.82
2018-08-27,113.2721,2.85
2018-08-28,113.3444,2.88
2018-08-29,113.6461,2.89
2018-08-30,114.0899,2.86
2018-08-31,114.2755,2.86
2018-09-04,114.8584,2.9
2018-09-05,114.7477,2.9
2018-09-06,114.6479,2.88
2018-09-07,114.5816,2.94
2018-09-10,114.6802,2.94
2018-09-11,114.7051,2.98
2018-09-12,114.2192,2.97
2018-09-13,113.9268,2.97
2018-09-14,114.0657,2.99
2018-09-17,113.9158,2.99
2018-09-18,113.7739,3.05
2018-09-19,113.6532,3.08
2018-09-20,113.4989,3.07
2018-09-21,113.5099,3.07
2018-09-24,113.5301,3.08
2018-09-25,113.7202,3.1
2018-09-26,113.6739,3.06
2018-09-27,113.9784,3.06
2018-09-28,113.8077,3.05
2018-10-01,113.8235,3.09
2018-10-02,113.8954,3.05
2018-10-03,114.1569,3.15
2018-10-04,114.6867,3.19
2018-10-05,114.561,3.23
2018-10-09,114.6583,3.21
2018-10-10,114.6072,3.22
2018-10-11,114.4074,3.14
2018-10-12,114.3691,3.15
2018-10-15,114.045,3.16
2018-10-16,113.8963,3.16
2018-10-17,114.1755,3.19
2018-10-18,114.8164,3.17
2018-10-19,114.8567,3.2
2018-10-22,115.1782,3.2
2018-10-23,115.1651,3.17
2018-10-24,115.3755,3.1
2018-10-25,115.4831,3.14
2018-10-26,115.473,3.08
2018-10-29,115.8936,3.08
2018-10-30,116.2357,3.12
2018-10-31,116.5281,3.15
2018-11-01,115.8657,3.14
2018-11-02,115.643,3.22
2018-11-05,115.703,3.2
2018-11-06,115.5622,3.22
2018-11-07,115.2519,3.22
2018-11-08,115.6478,3.24
2018-11-09,116.4778,3.19
2018-11-13,116.6694,3.14
2018-11-14,116.498,3.12
2018-11-15,116.3861,3.11
2018-11-16,115.9258,3.08
2018-11-19,115.9859,3.06
2018-11-20,116.2367,3.06
2018-11-21,116.092,3.06
2018-11-23,116.4713,3.05
2018-11-26,116.6208,3.07
2018-11-27,116.9001,3.06
2018-11-28,116.8343,3.06
2018-11-29,116.1961,3.03
2018-11-30,116.413,3.01
2018-12-03,115.9057,2.98
2018-12-04,116.0028,2.91
2018-12-06,116.3991,2.87
2018-12-07,116.0847,2.85
2018-12-10,116.6746,2.85
2018-12-11,116.7564,2.89
2018-12-12,116.2214,2.91
2018-12-13,116.3974,2.91
2018-12-14,116.79,2.89
2018-12-17,116.4532,2.86
2018-12-18,116.4127,2.82
2018-12-19,116.0676,2.77
2018-12-20,116.0183,2.79
2018-12-21,116.2227,2.79
2018-12-24,116.2182,2.74
2018-12-26,116.1162,2.81
2018-12-27,115.9927,2.77
2018-12-28,115.7232,2.72
2018-12-31,115.5674,2.69
2019-01-02,115.7689,2.66
2019-01-03,115.4622,2.56
2019-01-04,114.9821,2.67
2019-01-07,114.5628,2.7
2019-01-08,114.7281,2.73
2019-01-09,114.1406,2.74
2019-01-10,114.0496,2.74
2019-01-11,114.0404,2.71
2019-01-15,114.3402,2.72
2019-01-16,114.137,2.73
2019-01-17,114.4115,2.75
2019-01-18,114.558,2.79
2019-01-22,114.7541,2.74
2019-01-23,114.5759,2.76
2019-01-24,114.617,2.72
2019-01-25,114.0197,2.76
2019-01-28,114.0522,2.75
2019-01-29,114.026,2.72
2019-01-30,114.0731,2.7
2019-01-31,113.5504,2.63
2019-02-01,113.7548,2.7
2019-02-04,113.8766,2.73
2019-02-05,114.0431,2.71
2019-02-06,114.2305,2.7
2019-02-07,114.4339,2.65
2019-02-08,114.5003,2.63
2019-02-11,115.031,2.65
2019-02-12,114.7297,2.68
2019-02-13,114.9407,2.71
2019-02-14,115.1007,2.66
2019-02-15,114.9923,2.66
2019-02-19,114.57,2.65
2019-02-21,114.5091,2.69
2019-02-22,114.2716,2.65
2019-02-25,114.1457,2.67
2019-02-26,114.0687,2.64
2019-02-27,114.0363,2.69
2019-02-28,114.1991,2.73
2019-03-01,114.537,2.76
2019-03-04,114.6925,2.72
2019-03-05,114.804,2.72
2019-03-06,114.9714,2.69
2019-03-07,115.4919,2.64
2019-03-08,115.3599,2.62
2019-03-11,115.2967,2.64
2019-03-12,114.939,2.61
2019-03-13,114.7372,2.61
2019-03-14,114.79,2.63
2019-03-15,114.5815,2.59
2019-03-18,114.4375,2.6
2019-03-19,114.2324,2.61
2019-03-20,114.1509,2.54
2019-03-21,114.1684,2.54
2019-03-22,114.6856,2.44
2019-03-25,114.4171,2.43
2019-03-26,114.6414,2.41
2019-03-27,115.1243,2.39
2019-03-28,115.2581,2.39
2019-03-29,115.1371,2.41
2019-04-01,114.9362,2.49
2019-04-02,115.1173,2.48
2019-04-03,114.7211,2.52
2019-04-04,114.9697,2.51
2019-04-05,114.9726,2.5
2019-04-08,114.6893,2.52
2019-04-09,114.5321,2.51
2019-04-10,114.4269,2.48
2019-04-11,114.6303,2.51
2019-04-12,114.3531,2.56
2019-04-15,114.495,2.55
2019-04-16,114.6756,2.6
2019-04-17,114.5141,2.59
2019-04-18,114.7073,2.57
2019-04-22,114.7694,2.59
2019-04-23,115.1578,2.57
2019-04-24,115.4187,2.53
2019-04-25,115.7709,2.54
2019-04-26,115.4767,2.51
2019-04-29,115.5227,2.54
2019-04-30,115.3281,2.51
2019-05-01,115.0022,2.52
2019-05-02,115.5617,2.55
2019-05-03,115.2646,2.54
2019-05-06,115.3811,2.51
2019-05-07,115.6116,2.45
2019-05-08,115.5171,2.49
2019-05-09,115.8421,2.45
2019-05-10,115.5334,2.47
2019-05-13,115.915,2.4
2019-05-14,115.9425,2.42
2019-05-15,115.8565,2.37
2019-05-16,116.0346,2.4
2019-05-17,116.448,2.39
2019-05-20,116.3119,2.41
2019-05-21,116.2844,2.43
2019-05-22,116.2412,2.39
2019-05-23,116.2368,2.31
2019-05-24,116.0806,2.32
2019-05-28,116.3174,2.26
2019-05-29,116.5535,2.25
2019-05-30,116.3989,2.22
2019-05-31,116.7273,2.14
2019-06-03,116.4764,2.07
2019-06-04,116.091,2.12
2019-06-05,116.03,2.12
2019-06-06,115.9771,2.12
2019-06-07,115.7368,2.09
2019-06-10,115.5001,2.15
2019-06-11,115.3794,2.15
2019-06-12,115.438,2.13
2019-06-13,115.6275,2.1
2019-06-14,115.9057,2.09
2019-06-17,115.9684,2.09
2019-06-18,115.8797,2.06
2019-06-19,115.7889,2.03
2019-06-20,114.8046,2.01
2019-06-21,114.8377,2.07
2019-06-24,114.6559,2.02
2019-06-25,114.6363,2.0
2019-06-26,114.5608,2.05
2019-06-27,114.665,2.01
2019-06-28,114.5821,2.0
2019-07-01,114.7239,2.03
2019-07-02,114.8258,1.98
2019-07-03,114.8135,1.96
2019-07-05,115.1132,2.04
2019-07-08,115.0254,2.05
2019-07-09,115.1017,2.07
2019-07-10,115.0879,2.07
2019-07-11,114.8361,2.13
2019-07-12,114.7685,2.12
2019-07-15,114.6819,2.09
2019-07-16,115.0111,2.13
2019-07-17,114.8819,2.06
2019-07-18,114.8744,2.04
2019-07-19,114.8695,2.05
2019-07-22,115.0018,2.05
2019-07-23,115.2995,2.08
2019-07-24,115.2436,2.05
2019-07-25,115.2982,2.08
2019-07-26,115.5449,2.08
2019-07-29,115.5885,2.06
2019-07-30,115.6211,2.06
2019-07-31,115.4946,2.02
2019-08-01,116.0499,1.9
2019-08-02,116.1864,1.86
2019-08-05,116.5851,1.75
2019-08-06,116.6904,1.73
2019-08-07,116.7987,1.71
2019-08-08,116.474,1.72
2019-08-09,116.4419,1.74
2019-08-12,116.7548,1.65
2019-08-13,116.7267,1.68
2019-08-14,117.0913,1.59
2019-08-15,117.2239,1.52
2019-08-16,117.0786,1.55
2019-08-19,117.3886,1.6
2019-08-20,117.3726,1.55
2019-08-21,117.1764,1.59
2019-08-22,117.3558,1.62
2019-08-23,117.3009,1.52
2019-08-26,117.6658,1.54
2019-08-27,117.75,1.49
2019-08-28,117.8767,1.47
2019-08-29,118.0625,1.5
2019-08-30,118.1575,1.5
2019-09-03,118.3113,1.47
2019-09-04,117.6729,1.47
2019-09-05,117.4776,1.57
2019-09-06,117.1292,1.55
2019-09-09,117.0601,1.63
2019-09-10,117.0887,1.72
2019-09-11,117.3125,1.75
2019-09-12,116.8375,1.79
2019-09-13,116.7677,1.9
2019-09-16,117.0251,1.84
2019-09-17,116.9826,1.81
2019-09-18,116.9766,1.8
2019-09-19,117.0861,1.79
2019-09-20,117.1819,1.74
2019-09-23,117.2986,1.72
2019-09-24,117.2227,1.64
2019-09-25,117.6527,1.73
2019-09-26,117.7267,1.7
2019-09-27,117.7218,1.69
2019-09-30,117.9461,1.68
2019-10-01,117.9595,1.65
2019-10-02,117.9671,1.6
2019-10-03,117.6608,1.54
2019-10-04,117.5288,1.52
2019-10-07,117.5533,1.56
2019-10-08,117.7407,1.54
2019-10-09,117.6835,1.59
2019-10-10,117.2801,1.67
2019-10-11,116.8239,1.76
2019-10-15,116.8111,1.77
2019-10-16,116.6425,1.75
2019-10-17,116.2615,1.76
2019-10-18,116.1344,1.76
2019-10-21,116.0436,1.8
2019-10-22,115.9851,1.78
2019-10-23,116.0586,1.77
2019-10-24,116.1278,1.77
2019-10-25,116.0774,1.8
2019-10-28,116.0222,1.85
2019-10-29,115.9797,1.84
2019-10-30,116.1636,1.78
2019-10-31,115.9125,1.69
2019-11-01,115.7312,1.73
2019-11-04,115.8624,1.79
2019-11-05,116.1138,1.86
2019-11-06,116.1004,1.81
2019-11-07,116.1172,1.92
2019-11-08,116.3436,1.94
2019-11-12,116.5837,1.92
2019-11-13,116.8397,1.88
2019-11-14,116.8022,1.82
2019-11-15,116.4401,1.84
2019-11-18,116.3625,1.81
2019-11-19,116.5391,1.79
2019-11-20,116.828,1.73
2019-11-21,116.7435,1.77
2019-11-22,116.9137,1.77
2019-11-25,117.0098,1.76
2019-11-26,117.0513,1.74
2019-11-27,117.1273,1.77
2019-11-29,117.1204,1.78
2019-12-02,116.9647,1.83
2019-12-03,116.8898,1.72
2019-12-04,116.692,1.77
2019-12-05,116.3838,1.8
2019-12-06,116.5381,1.84
2019-12-09,116.3283,1.83
2019-12-10,116.2542,1.85
2019-12-11,116.1478,1.79
2019-12-12,115.8741,1.9
2019-12-13,115.6967,1.82
2019-12-16,115.555,1.89
2019-12-17,115.5553,1.89
2019-12-18,115.6618,1.92
2019-12-19,115.5988,1.92
2019-12-20,115.7598,1.92
2019-12-23,115.8059,1.93
2019-12-26,115.634,1.9
2019-12-27,115.22,1.88
2019-12-30,114.9631,1.9
2019-12-31,114.669,1.92
2020-01-02,114.9745,1.88
2020-01-03,114.9867,1.8
2020-01-06,114.9557,1.81
2020-01-07,115.1477,1.83
2020-01-08,115.1328,1.87
2020-01-09,115.2331,1.85
2020-01-10,115.0677,1.83
2020-01-13,115.0342,1.85
2020-01-14,115.0239,1.82
2020-01-15,114.9528,1.79
2020-01-16,115.0006,1.81
2020-01-17,115.0656,1.84
2020-01-21,115.1876,1.78
2020-01-22,115.2273,1.77
2020-01-23,115.5545,1.74
2020-01-24,115.5556,1.7
2020-01-27,115.8004,1.61
2020-01-28,115.7239,1.65
2020-01-29,115.7003,1.6
2020-01-30,115.8077,1.57
2020-01-31,115.7345,1.51
2020-02-03,116.1172,1.54
2020-02-04,115.9291,1.61
2020-02-05,116.009,1.66
2020-02-06,116.1518,1.65
2020-02-07,116.5086,1.59
2020-02-10,116.5711,1.56
2020-02-11,116.3585,1.59
2020-02-12,116.2794,1.62
2020-02-13,116.3999,1.61
2020-02-14,116.4223,1.59
2020-02-18,116.6039,1.55
2020-02-19,116.7829,1.56
2020-02-20,117.2454,1.52
2020-02-21,117.0473,1.46
2020-02-24,117.4018,1.38
2020-02-25,117.2425,1.33
2020-02-26,117.405,1.33
2020-02-27,117.3678,1.3
2020-02-28,117.6568,1.13
2020-03-02,116.8144,1.1
2020-03-03,116.4958,1.02
2020-03-04,116.7802,1.02
2020-03-05,116.7901,0.92
2020-03-06,116.7106,0.74
2020-03-09,117.1871,0.54
2020-03-10,117.9027,0.76
2020-03-11,118.2505,0.82
2020-03-12,120.4883,0.88
2020-03-13,120.4388,0.94
2020-03-16,120.9352,0.73
2020-03-17,122.4816,1.02
2020-03-18,124.1623,1.18
2020-03-19,125.0587,1.12
2020-03-20,124.9362,0.92
2020-03-23,126.1262,0.76
2020-03-24,125.5001,0.84
2020-03-25,124.7916,0.88
2020-03-26,122.4308,0.83
2020-03-27,122.4007,0.72
2020-03-30,123.2883,0.7
2020-03-31,122.5301,0.7
2020-04-01,123.7933,0.62
2020-04-02,123.5916,0.63
2020-04-03,124.4152,0.62
2020-04-06,124.16,0.67
2020-04-07,123.0956,0.75
2020-04-08,123.2216,0.77
2020-04-09,122.476,0.73
2020-04-13,122.5203,0.76
2020-04-14,122.1121,0.76
2020-04-15,123.0752,0.63
2020-04-16,123.4615,0.61
2020-04-17,122.871,0.65
2020-04-20,123.1033,0.63
2020-04-21,123.9116,0.58
2020-04-22,123.9256,0.63
2020-04-23,123.7542,0.61
2020-04-24,124.1615,0.6
2020-04-27,123.8843,0.67
2020-04-28,123.3693,0.62
2020-04-29,122.7782,0.63
2020-04-30,122.327,0.64
2020-05-01,123.1492,0.64
2020-05-04,123.2117,0.64
2020-05-05,122.803,0.66
2020-05-06,123.609,0.72
2020-05-07,123.1249,0.63
2020-05-08,122.5379,0.69
2020-05-11,123.2333,0.73
2020-05-12,123.0592,0.69
2020-05-13,123.5408,0.64
2020-05-14,123.6429,0.63
2020-05-15,123.5991,0.64
2020-05-18,122.7968,0.73
2020-05-19,122.5655,0.7
2020-05-20,122.1007,0.68
2020-05-21,122.0914,0.68
2020-05-22,122.3211,0.66
2020-05-26,121.3864,0.69
2020-05-27,121.5677,0.68
2020-05-28,121.0138,0.7
2020-05-29,120.9458,0.65
2020-06-01,120.2686,0.66
2020-06-02,119.6854,0.68
2020-06-03,119.2556,0.77
2020-06-04,119.3014,0.82
2020-06-05,118.8138,0.91
2020-06-08,118.6621,0.88
2020-06-09,118.5893,0.84
2020-06-10,118.5231,0.75
2020-06-11,119.2347,0.66
2020-06-12,119.6645,0.71
2020-06-15,119.9539,0.71
2020-06-16,119.567,0.75
2020-06-17,119.9105,0.74
2020-06-18,120.2173,0.71
2020-06-19,120.2186,0.7
2020-06-22,119.7532,0.71
2020-06-23,119.3285,0.72
2020-06-24,119.9744,0.69
2020-06-25,120.2997,0.68
2020-06-26,120.533,0.64
2020-06-29,120.6658,0.64
2020-06-30,120.4649,0.66
2020-07-01,120.0808,0.69
2020-07-02,119.8555,0.68
2020-07-06,119.2852,0.69
2020-07-07,119.5717,0.65
2020-07-08,119.5525,0.67
2020-07-09,119.5129,0.62
2020-07-10,119.3509,0.65
2020-07-13,119.1891,0.64
2020-07-14,119.3901,0.63
2020-07-15,119.0331,0.64
2020-07-16,118.9275,0.62
2020-07-17,119.124,0.64
2020-07-20,119.0483,0.62
2020-07-21,118.4042,0.61
2020-07-22,118.1337,0.6
2020-07-23,118.0613,0.59
2020-07-24,118.1329,0.59
2020-07-27,117.3869,0.62
2020-07-28,117.3189,0.59
2020-07-29,117.2126,0.58
2020-07-30,117.4008,0.55
2020-07-31,117.2082,0.55
2020-08-03,117.8074,0.56
2020-08-04,117.7833,0.52
2020-08-05,116.8736,0.55
2020-08-06,117.0422,0.55
2020-08-07,117.6239,0.57
2020-08-10,117.5821,0.59
2020-08-11,117.3781,0.64
2020-08-12,117.2559,0.69
2020-08-13,117.1193,0.71
2020-08-14,116.9395,0.71
2020-08-17,116.749,0.69
2020-08-18,116.5593,0.67
2020-08-19,116.567,0.68
2020-08-20,116.8126,0.65
2020-08-21,117.0572,0.64
2020-08-24,116.912,0.65
2020-08-25,116.8206,0.69
2020-08-26,116.6243,0.69
2020-08-27,116.649,0.74
2020-08-28,115.9374,0.74
2020-08-31,115.7586,0.72
2020-09-01,115.5687,0.68
2020-09-02,116.0304,0.66
2020-09-03,116.0685,0.63
2020-09-04,116.0347,0.72
2020-09-08,116.4618,0.69
2020-09-09,116.1291,0.71
2020-09-10,115.8806,0.68
2020-09-11,116.0866,0.67
2020-09-14,115.6428,0.68
2020-09-15,115.5908,0.68
2020-09-16,115.3537,0.69
2020-09-17,115.4392,0.69
2020-09-18,115.2395,0.7
2020-09-21,116.378,0.68
2020-09-22,116.5438,0.68
2020-09-23,117.2526,0.68
2020-09-24,117.5473,0.67
2020-09-25,117.8679,0.66
2020-09-28,117.6178,0.67
2020-09-29,117.526,0.66
2020-09-30,116.946,0.69
2020-10-01,116.7227,0.68
2020-10-02,116.7321,0.7
2020-10-05,116.1767,0.78
2020-10-06,116.2681,0.76
2020-10-07,116.3447,0.81
2020-10-08,116.1657,0.78
2020-10-09,115.2757,0.79
2020-10-13,115.9107,0.74
2020-10-14,115.6872,0.73
2020-10-15,116.0964,0.74
2020-10-16,115.7679,0.76
2020-10-19,115.4031,0.78
2020-10-20,115.2485,0.81
2020-10-21,114.9108,0.83
2020-10-22,115.1158,0.87
2020-10-23,115.0126,0.85
2020-10-26,115.2797,0.81
2020-10-27,115.0131,0.79
2020-10-28,115.8023,0.79
2020-10-29,116.3069,0.85
2020-10-30,116.1354,0.88
2020-11-02,116.2361,0.87
2020-11-03,115.4802,0.9
2020-11-04,115.1677,0.78
2020-11-05,114.4556,0.79
2020-11-06,113.9919,0.83
2020-11-09,114.0895,0.96
2020-11-10,114.0757,0.98
2020-11-12,114.2843,0.88
2020-11-13,114.2397,0.89
2020-11-16,113.8312,0.91
2020-11-17,113.682,0.87
2020-11-18,113.46,0.88
2020-11-19,113.694,0.86
2020-11-20,113.489,0.83
2020-11-23,113.7548,0.86
2020-11-24,113.4316,0.88
2020-11-25,113.1823,0.88
2020-11-30,113.2256,0.84
2020-12-01,112.8063,0.92
2020-12-02,112.6115,0.95
2020-12-03,112.0236,0.92
2020-12-04,111.7778,0.97
2020-12-07,111.8385,0.94
2020-12-08,111.8639,0.92
2020-12-09,112.0305,0.95
2020-12-10,111.9788,0.92
2020-12-11,112.1417,0.9
2020-12-14,112.1708,0.9
2020-12-15,111.8601,0.92
2020-12-16,111.7157,0.92
2020-12-17,111.2226,0.94
2020-12-18,111.6071,0.95
2020-12-21,111.9415,0.95
2020-12-22,112.1947,0.93
2020-12-23,111.9807,0.96
2020-12-28,111.9752,0.94
2020-12-29,111.5172,0.94
2020-12-30,111.3084,0.93
2020-12-31,111.3169,0.93
2021-01-04,111.2075,0.93
2021-01-05,110.9574,0.96
2021-01-06,110.8502,1.04
2021-01-07,111.3042,1.08
2021-01-08,111.2847,1.13
2021-01-11,111.8257,1.15
2021-01-12,111.5501,1.15
2021-01-13,111.3622,1.1
2021-01-14,111.1567,1.15
2021-01-15,111.5106,1.11
2021-01-19,111.4527,1.1
2021-01-21,111.1973,1.12
2021-01-22,111.5516,1.1
2021-01-25,111.8676,1.05
2021-01-26,111.6572,1.05
2021-01-27,112.0782,1.04
2021-01-28,112.0059,1.07
2021-01-29,111.9511,1.11
2021-02-01,112.4189,1.09
2021-02-02,112.2862,1.12
2021-02-03,112.2567,1.15
2021-02-04,112.7469,1.15
2021-02-05,112.2379,1.19
2021-02-08,112.0428,1.19
2021-02-09,111.7675,1.18
2021-02-10,111.5834,1.15
2021-02-11,111.5272,1.16
2021-02-12,111.4889,1.2
2021-02-16,111.7879,1.3
2021-02-17,112.0204,1.29
2021-02-18,112.1603,1.29
2021-02-19,111.7058,1.34
2021-02-22,111.918,1.37
2021-02-23,111.8981,1.37
2021-02-24,111.7212,1.38
2021-02-25,111.9253,1.54
2021-02-26,112.8306,1.44
2021-03-01,112.5263,1.45
2021-03-02,112.5342,1.42
2021-03-03,112.7617,1.47
2021-03-04,112.7037,1.54
2021-03-05,113.7487,1.56
2021-03-08,114.2678,1.59
2021-03-09,113.928,1.55
2021-03-10,113.5881,1.53
2021-03-11,112.9214,1.54
2021-03-12,113.0269,1.64
2021-03-15,113.1928,1.62
2021-03-16,112.9839,1.62
2021-03-17,113.1589,1.63
2021-03-18,112.7744,1.71
2021-03-19,112.9756,1.74
2021-03-22,113.0023,1.69
2021-03-23,113.2916,1.63
2021-03-24,113.6565,1.62
2021-03-25,114.0016,1.63
2021-03-26,113.7406,1.67
2021-03-29,113.9314,1.73
2021-03-30,114.203,1.73
2021-03-31,113.8234,1.74
2021-04-01,113.7389,1.69
2021-04-02,113.7315,1.72
2021-04-05,113.394,1.73
2021-04-06,113.1464,1.67
2021-04-07,113.2436,1.68
2021-04-08,113.0917,1.64
2021-04-09,113.2028,1.67
2021-04-12,113.1815,1.69
2021-04-13,113.0391,1.64
2021-04-14,112.7849,1.64
2021-04-15,112.6181,1.56
2021-04-16,112.4814,1.59
2021-04-19,112.1835,1.61
2021-04-20,112.2354,1.58
2021-04-21,112.1771,1.57
2021-04-22,112.2297,1.57
2021-04-23,112.0889,1.58
2021-04-26,111.8109,1.58
2021-04-27,111.9097,1.63
2021-04-28,111.7909,1.63
2021-04-29,111.7464,1.65
2021-04-30,112.0839,1.65
2021-05-03,112.005,1.63
2021-05-04,112.2896,1.61
2021-05-05,112.1514,1.59
2021-05-06,111.8401,1.58
2021-05-07,111.0249,1.6
2021-05-10,110.7905,1.63
2021-05-11,110.8921,1.64
2021-05-12,111.5636,1.69
2021-05-13,111.5955,1.66
2021-05-14,111.1353,1.63
2021-05-17,111.079,1.64
2021-05-18,110.8317,1.64
2021-05-19,110.8807,1.68
2021-05-20,110.8605,1.63
2021-05-21,111.0576,1.63
2021-05-24,110.9118,1.61
2021-05-25,110.842,1.56
2021-05-26,110.8677,1.58
2021-05-27,110.8688,1.61
2021-05-28,110.7576,1.58
2021-06-01,110.5046,1.62
2021-06-02,110.5799,1.59
2021-06-03,111.1782,1.63
2021-06-04,110.7521,1.56
2021-06-07,110.5155,1.57
2021-06-08,110.649,1.53
2021-06-09,110.5707,1.5
2021-06-10,110.5456,1.45
2021-06-11,111.0933,1.47
2021-06-14,110.9659,1.51
2021-06-15,111.3507,1.51
2021-06-16,111.1165,1.57
2021-06-17,112.5772,1.52
2021-06-18,113.0408,1.45
2021-06-21,112.8391,1.5
2021-06-22,112.9174,1.48
2021-06-23,112.3819,1.5
2021-06-24,112.326,1.49
2021-06-25,111.9655,1.54
2021-06-28,112.0248,1.49
2021-06-29,112.2613,1.49
2021-06-30,112.5533,1.45
2021-07-01,112.74,1.48
2021-07-02,112.5425,1.44
2021-07-06,112.9516,1.37
2021-07-07,113.1048,1.33
2021-07-08,113.0776,1.3
2021-07-09,112.8375,1.37
2021-07-12,112.7611,1.38
2021-07-13,113.0063,1.42
2021-07-14,112.8801,1.37
2021-07-15,113.0041,1.31
2021-07-16,113.0428,1.31
2021-07-19,113.5472,1.19
2021-07-20,113.7502,1.23
2021-07-21,113.3926,1.3
2021-07-22,113.4695,1.27
2021-07-23,113.4398,1.3
2021-07-26,113.2238,1.29
2021-07-27,113.2227,1.25
2021-07-28,113.1807,1.26
2021-07-29,112.4834,1.28
2021-07-30,112.6714,1.24
2021-08-02,112.6691,1.2
2021-08-03,112.8228,1.19
2021-08-04,112.8953,1.19
2021-08-05,112.7674,1.23
2021-08-06,113.3088,1.31
2021-08-09,113.4521,1.33
2021-08-10,113.4973,1.36
2021-08-11,113.282,1.35
2021-08-12,113.2691,1.36
2021-08-13,113.0615,1.29
2021-08-16,113.1698,1.26
2021-08-17,113.6174,1.26
2021-08-18,113.6959,1.27
2021-08-19,114.1106,1.24
2021-08-20,114.5009,1.26
2021-08-23,113.9418,1.25
2021-08-24,113.6795,1.29
2021-08-25,113.6322,1.35
2021-08-26,113.7883,1.34
2021-08-27,113.3404,1.31
2021-08-30,113.246,1.29
2021-08-31,113.1076,1.3
2021-09-01,112.8732,1.31
2021-09-02,112.7863,1.29
2021-09-03,112.5476,1.33
2021-09-07,112.9795,1.38
2021-09-08,113.2319,1.35
2021-09-09,113.043,1.3
2021-09-10,112.9425,1.35
2021-09-13,113.0341,1.33
2021-09-14,113.0061,1.28
2021-09-15,112.9773,1.31
2021-09-16,113.3036,1.34
2021-09-17,113.5989,1.37
2021-09-20,113.9422,1.31
2021-09-21,113.8179,1.33
2021-09-22,113.6223,1.32
2021-09-23,113.513,1.41
2021-09-24,113.7597,1.47
2021-09-27,113.7432,1.48
2021-09-28,114.2469,1.54
2021-09-29,114.7092,1.55
2021-09-30,114.6403,1.52
2021-10-01,114.3798,1.48
2021-10-04,114.2739,1.49
2021-10-05,114.3654,1.54
2021-10-06,114.7185,1.53
2021-10-07,114.5044,1.58
2021-10-08,114.5986,1.61
2021-10-12,114.7542,1.59
2021-10-13,114.4705,1.56
2021-10-14,114.2053,1.52
2021-10-15,114.0905,1.59
2021-10-18,113.9899,1.59
2021-10-19,113.647,1.65
2021-10-20,113.5083,1.65
2021-10-21,113.6188,1.68
2021-10-22,113.67,1.66
2021-10-25,113.605,1.64
2021-10-26,113.674,1.63
2021-10-27,113.6218,1.54
2021-10-28,113.4389,1.57
2021-10-29,114.1349,1.55
2021-11-01,114.2067,1.58
2021-11-02,114.2847,1.56
2021-11-03,114.3593,1.6
2021-11-04,114.3558,1.53
2021-11-05,114.0732,1.45
2021-11-08,113.8256,1.51
2021-11-09,113.762,1.46
2021-11-10,114.1484,1.56
2021-11-12,114.5144,1.58
2021-11-15,114.5876,1.63
2021-11-16,115.136,1.63
2021-11-17,115.0263,1.6
2021-11-18,115.0678,1.59
2021-11-19,115.2187,1.54
2021-11-22,115.6481,1.63
2021-11-23,116.0118,1.67
2021-11-24,116.2711,1.64
2021-11-26,116.5103,1.48
2021-11-29,116.581,1.52
2021-11-30,116.2071,1.43
2021-12-01,115.889,1.43
2021-12-02,116.018,1.44
2021-12-03,116.2377,1.35
2021-12-06,116.1538,1.43
2021-12-07,115.8555,1.48
2021-12-08,115.4418,1.52
2021-12-09,115.7784,1.49
2021-12-10,115.5732,1.48
2021-12-13,115.842,1.42
2021-12-14,116.2397,1.44
2021-12-15,116.4219,1.47
2021-12-16,115.7146,1.44
2021-12-17,115.791,1.41
2021-12-20,116.0092,1.43
2021-12-21,116.1089,1.48
2021-12-22,115.7485,1.46
2021-12-23,115.5337,1.5
2021-12-27,115.4684,1.48
2021-12-28,115.4192,1.49
2021-12-29,115.3678,1.55
2021-12-30,115.283,1.52
2022-01-03,115.4101,1.63
2022-01-04,115.3103,1.66
2022-01-05,115.137,1.71
2022-01-06,115.4046,1.73
2022-01-07,115.0451,1.76
2022-01-10,115.2216,1.78
2022-01-11,114.8332,1.75
2022-01-12,114.355,1.74
2022-01-13,114.177,1.7
2022-01-14,114.3825,1.78
2022-01-18,114.7373,1.87
2022-01-19,114.6109,1.83
2022-01-20,114.4642,1.83
2022-01-21,114.6125,1.75
2022-01-24,115.2034,1.75
2022-01-25,115.1654,1.78
2022-01-26,115.0922,1.85
2022-01-27,115.978,1.81
2022-01-28,116.0393,1.78
2022-01-31,115.566,1.79
2022-02-01,115.3685,1.81
2022-02-02,115.1538,1.78
2022-02-03,114.9065,1.82
2022-02-04,115.1362,1.93
2022-02-07,115.0098,1.92
2022-02-08,115.0892,1.96
2022-02-09,114.8232,1.94
2022-02-10,114.5527,2.03
2022-02-11,114.8413,1.92
2022-02-14,115.1946,1.98
2022-02-15,114.93,2.05
2022-02-16,114.6886,2.03
2022-02-17,114.6755,1.97
2022-02-18,114.7982,1.92
2022-02-22,114.7002,1.94
2022-02-23,114.6668,1.99
2022-02-24,115.9419,1.96
2022-02-25,115.2577,1.97
2022-02-28,115.2224,1.83
2022-03-01,115.7962,1.72
2022-03-02,115.7623,1.86
2022-03-03,115.9495,1.86
2022-03-04,116.6503,1.74
2022-03-07,117.3278,1.78
2022-03-08,117.6176,1.86
2022-03-09,116.5961,1.94
2022-03-10,116.7401,1.98
2022-03-11,117.0192,2.0
2022-03-14,117.1506,2.14
2022-03-15,117.246,2.15
2022-03-16,116.8073,2.19
2022-03-17,116.0467,2.2
2022-03-18,116.1378,2.14
2022-03-21,115.9398,2.32
2022-03-22,116.0824,2.38
2022-03-23,116.005,2.32
2022-03-24,115.9599,2.34
2022-03-25,115.7921,2.48
2022-03-28,116.1911,2.46
2022-03-29,115.5679,2.41
2022-03-30,115.0818,2.35
2022-03-31,115.2218,2.32
2022-04-01,115.4814,2.39
2022-04-04,115.4112,2.42
2022-04-05,115.73,2.54
2022-04-06,115.9995,2.61
2022-04-07,116.3512,2.66
2022-04-08,116.4176,2.72
2022-04-11,116.5401,2.79
2022-04-12,116.3866,2.72
2022-04-13,116.2796,2.7
2022-04-14,116.7558,2.83
2022-04-18,116.8441,2.85
2022-04-19,117.1324,2.93
2022-04-20,116.7306,2.85
2022-04-21,117.1432,2.9
2022-04-22,118.0186,2.9
2022-04-25,118.6271,2.81
2022-04-26,118.9624,2.77
2022-04-27,119.4708,2.82
2022-04-28,120.0675,2.85
2022-04-29,119.4933,2.89
2022-05-02,119.8825,2.99
2022-05-03,119.7043,2.97
2022-05-04,119.5592,2.93
2022-05-05,120.0068,3.05
2022-05-06,119.8577,3.12
2022-05-09,120.4972,3.05
2022-05-10,120.7742,2.99
2022-05-11,120.3925,2.91
2022-05-12,121.2796,2.84
2022-05-13,120.8442,2.93
2022-05-16,120.6881,2.88
2022-05-17,119.8871,2.98
2022-05-18,120.0274,2.89
2022-05-19,119.4278,2.84
2022-05-20,119.3677,2.78
2022-05-23,118.7169,2.86
2022-05-24,118.6245,2.76
2022-05-25,118.9598,2.75
2022-05-26,118.7687,2.75
2022-05-27,118.2834,2.74
2022-05-31,118.0704,2.85
2022-06-01,118.6954,2.94
2022-06-02,118.0658,2.92
2022-06-03,118.2153,2.96
2022-06-06,118.3081,3.04
2022-06-07,118.4414,2.98
2022-06-08,118.3951,3.03
2022-06-09,118.9226,3.04
2022-06-10,119.9981,3.15
2022-06-13,121.1523,3.43
2022-06-14,121.6669,3.49
2022-06-15,121.6403,3.33
2022-06-16,120.6714,3.28
2022-06-17,121.2369,3.25
2022-06-21,120.6427,3.31
2022-06-22,120.5197,3.16
2022-06-23,120.7622,3.09
2022-06-24,120.4853,3.13
2022-06-27,120.1736,3.2
2022-06-28,120.62,3.2
2022-06-29,120.9616,3.1
2022-06-30,120.9652,2.98
2022-07-01,121.5058,2.88
2022-07-05,122.6203,2.82
2022-07-06,123.0073,2.93
2022-07-07,122.7257,3.01
2022-07-08,122.4662,3.09
2022-07-11,123.2974,2.99
2022-07-12,123.4524,2.96
2022-07-13,123.2834,2.91
2022-07-14,124.0622,2.96
2022-07-15,123.4765,2.93
2022-07-18,122.7727,2.96
2022-07-19,122.4819,3.01
2022-07-20,122.5997,3.04
2022-07-21,122.9032,2.91
2022-07-22,122.451,2.77
2022-07-25,122.4594,2.81
2022-07-26,122.7581,2.81
2022-07-27,122.8169,2.78
2022-07-28,122.1161,2.68
2022-07-29,121.7678,2.67
2022-08-01,121.4109,2.6
2022-08-02,121.9486,2.75
2022-08-03,122.3888,2.73
2022-08-04,121.8333,2.68
2022-08-05,122.321,2.83
2022-08-08,121.8783,2.77
2022-08-09,121.8614,2.8
2022-08-10,120.7543,2.78
2022-08-11,120.7163,2.87
2022-08-12,121.018,2.84
2022-08-15,121.4315,2.79
2022-08-16,121.6807,2.82
2022-08-17,122.0711,2.89
2022-08-18,122.3627,2.88
2022-08-19,123.0501,2.98
2022-08-22,123.605,3.03
2022-08-23,123.0547,3.05
2022-08-24,123.109,3.11
2022-08-25,123.0586,3.03
2022-08-26,123.0656,3.04
2022-08-29,123.4686,3.12
2022-08-30,123.6848,3.11
2022-08-31,123.535,3.15
2022-09-01,124.4006,3.26
2022-09-02,123.7743,3.2
2022-09-06,124.767,3.33
2022-09-07,124.8408,3.27
2022-09-08,124.578,3.29
2022-09-09,123.7874,3.33
2022-09-12,123.3332,3.37
2022-09-13,124.4242,3.42
2022-09-14,124.4509,3.41
2022-09-15,124.8843,3.45
2022-09-16,124.8794,3.45
2022-09-19,125.0104,3.49
2022-09-20,125.1248,3.57
2022-09-21,125.7399,3.51
2022-09-22,126.1667,3.7
2022-09-23,127.2853,3.69
2022-09-26,128.4539,3.88
2022-09-27,128.4386,3.97
2022-09-28,128.0884,3.72
2022-09-29,127.5437,3.76
2022-09-30,127.5148,3.83
2022-10-03,127.0813,3.67
2022-10-04,126.1819,3.62
2022-10-05,126.8616,3.76
2022-10-06,127.2493,3.83
2022-10-07,127.3111,3.89
2022-10-11,127.6641,3.93
2022-10-12,128.1481,3.91
2022-10-13,127.7286,3.97
2022-10-14,128.3325,4.0
2022-10-17,127.6448,4.02
2022-10-18,127.9153,4.01
2022-10-19,128.3968,4.14
2022-10-20,128.0052,4.24
2022-10-21,127.6735,4.21
2022-10-24,128.0304,4.25
2022-10-25,127.3771,4.1
2022-10-26,126.4723,4.04
2022-10-27,126.7028,3.96
2022-10-28,127.2135,4.02
2022-10-31,127.6219,4.1
2022-11-01,127.3987,4.07
2022-11-02,127.3115,4.1
2022-11-03,128.1743,4.14
2022-11-04,127.1468,4.17
2022-11-07,126.3062,4.22
2022-11-08,125.633,4.14
2022-11-09,125.9861,4.12
2022-11-10,124.7044,3.82
2022-11-14,123.4277,3.88
2022-11-15,123.039,3.8
2022-11-16,123.2817,3.67
2022-11-17,123.977,3.77
2022-11-18,123.8524,3.82
2022-11-21,124.7009,3.83
2022-11-22,124.2365,3.76
2022-11-23,123.7574,3.71
2022-11-25,123.3386,3.68
2022-11-28,123.6032,3.69
2022-11-29,123.6615,3.75
2022-11-30,123.5175,3.68
2022-12-01,122.0045,3.53
2022-12-02,122.0102,3.51
2022-12-05,122.6384,3.6
2022-12-06,123.0191,3.51
2022-12-07,122.7608,3.42
2022-12-08,122.4152,3.48
2022-12-09,122.4201,3.57
2022-12-12,122.7714,3.61
2022-12-13,121.8493,3.51
2022-12-14,121.8226,3.49
2022-12-15,122.5519,3.44
2022-12-16,122.6505,3.48
2022-12-19,122.5275,3.57
2022-12-20,122.1357,3.69
2022-12-21,122.2828,3.68
2022-12-22,122.2419,3.67
2022-12-23,121.9743,3.75
2022-12-27,121.7539,3.84
2022-12-28,122.0075,3.88
2022-12-29,121.6577,3.83
2022-12-30,121.4256,3.88
2023-01-03,122.0905,3.79
2023-01-04,121.5008,3.69
2023-01-05,122.1017,3.71
2023-01-06,121.0852,3.55
2023-01-09,120.1508,3.53
2023-01-10,120.2483,3.61
2023-01-11,120.1614,3.54
2023-01-12,119.4218,3.43
2023-01-13,119.1673,3.49
2023-01-17,119.2121,3.53
2023-01-18,119.0755,3.37
2023-01-19,119.6107,3.39
2023-01-20,119.3486,3.48
2023-01-23,119.1434,3.52
2023-01-24,119.0958,3.46
2023-01-25,118.9686,3.46
2023-01-26,119.021,3.49
2023-01-27,118.9223,3.52
2023-01-30,118.8953,3.55
2023-01-31,118.9802,3.52
2023-02-01,118.6259,3.39
2023-02-02,118.3421,3.4
2023-02-03,119.5095,3.53
2023-02-06,120.541,3.63
2023-02-07,120.3475,3.67
2023-02-08,120.1436,3.63
2023-02-09,119.9781,3.67
2023-02-10,120.1419,3.74
2023-02-13,119.9828,3.72
2023-02-14,119.9229,3.77
2023-02-15,120.4557,3.81
2023-02-16,120.4651,3.86
2023-02-17,120.5526,3.82
2023-02-21,120.6256,3.95
2023-02-22,120.8389,3.93
2023-02-23,121.0896,3.88
2023-02-24,121.5681,3.95
2023-02-27,121.3941,3.92
2023-02-28,121.3341,3.92
2023-03-01,120.6347,4.01
2023-03-02,121.1302,4.08
2023-03-03,120.7742,3.97
2023-03-06,120.485,3.98
2023-03-07,121.4623,3.97
2023-03-08,121.4511,3.98
2023-03-09,121.4458,3.93
2023-03-10,121.2421,3.7
2023-03-13,120.8897,3.55
2023-03-14,121.0141,3.64
2023-03-15,122.1079,3.51
2023-03-16,121.7221,3.56
2023-03-17,121.5643,3.39
2023-03-20,121.0141,3.47
2023-03-21,120.8958,3.59
2023-03-22,120.6217,3.48
2023-03-23,119.7587,3.38
2023-03-24,120.4598,3.38
2023-03-27,120.2541,3.53
2023-03-28,119.7138,3.55
2023-03-29,119.7258,3.57
2023-03-30,119.4078,3.55
2023-03-31,119.3602,3.48
2023-04-03,119.3204,3.43
2023-04-04,119.142,3.35
2023-04-05,119.2953,3.3
2023-04-06,119.3072,3.3
2023-04-07,119.3547,3.39
2023-04-10,119.7948,3.41
2023-04-11,119.5248,3.43
2023-04-12,119.003,3.41
2023-04-13,118.3915,3.45
2023-04-14,118.8567,3.52
2023-04-17,119.2787,3.6
2023-04-18,119.1049,3.58
2023-04-19,119.303,3.6
2023-04-20,119.1199,3.54
2023-04-21,119.3117,3.57
2023-04-24,119.2039,3.52
2023-04-25,119.613,3.4
2023-04-26,119.3228,3.43
2023-04-27,119.4298,3.53
2023-04-28,119.2248,3.44
2023-05-01,119.4435,3.59
2023-05-02,119.6105,3.44
2023-05-03,119.1233,3.38
2023-05-04,119.0465,3.37
2023-05-05,118.5548,3.44
2023-05-08,118.5759,3.52
2023-05-09,118.8239,3.53
2023-05-10,118.5864,3.43
2023-05-11,119.0303,3.39
2023-05-12,119.3671,3.46
2023-05-15,119.1608,3.5
2023-05-16,119.1743,3.54
2023-05-17,119.607,3.57
2023-05-18,120.0886,3.65
2023-05-19,119.7751,3.7
2023-05-22,120.0875,3.72
2023-05-23,120.3204,3.7
2023-05-24,120.4752,3.73
2023-05-25,120.8413,3.83
2023-05-26,120.6304,3.8
2023-05-30,120.5546,3.69
2023-05-31,120.9662,3.64
2023-06-01,120.0491,3.61
2023-06-02,120.0049,3.69
2023-06-05,120.0048,3.69
2023-06-06,119.9718,3.7
2023-06-07,119.859,3.79
2023-06-08,119.5712,3.73
2023-06-09,119.4322,3.75
2023-06-12,119.6376,3.73
2023-06-13,119.1899,3.84
2023-06-14,118.776,3.83
2023-06-15,118.5521,3.72
2023-06-16,118.4184,3.77
2023-06-20,118.938,3.74
2023-06-21,118.727,3.72
2023-06-22,118.7552,3.8
2023-06-23,119.152,3.74
2023-06-26,119.0761,3.72
2023-06-27,118.8949,3.77
2023-06-28,119.3382,3.71
2023-06-29,119.527,3.85
2023-06-30,119.3606,3.81
2023-07-03,119.2119,3.86
2023-07-05,119.3483,3.95
2023-07-06,119.8193,4.05
2023-07-07,119.0761,4.06
2023-07-10,118.9548,4.01
2023-07-11,118.7344,3.99
2023-07-12,117.6385,3.86
2023-07-13,117.1831,3.76
2023-07-14,117.0463,3.83
2023-07-17,117.1267,3.81
2023-07-18,117.0264,3.8
2023-07-19,117.3462,3.75
2023-07-20,117.5947,3.85
2023-07-21,117.9418,3.84
2023-07-24,117.8124,3.86
2023-07-25,117.8565,3.91
2023-07-26,117.76,3.86
2023-07-27,117.8938,4.01
2023-07-28,117.788,3.96
2023-07-31,117.8241,3.97
2023-08-01,118.5738,4.05
2023-08-02,119.1268,4.08
2023-08-03,119.3963,4.2
2023-08-04,118.821,4.05
2023-08-07,119.0809,4.09
2023-08-08,119.6407,4.02
2023-08-09,119.476,4.0
2023-08-10,119.1581,4.09
2023-08-11,119.6268,4.16
2023-08-14,120.0725,4.19
2023-08-15,120.2127,4.21
2023-08-16,120.3551,4.28
2023-08-17,120.5242,4.3
2023-08-18,120.4321,4.26
2023-08-21,120.4627,4.34
2023-08-22,120.3554,4.34
2023-08-23,120.0307,4.19
2023-08-24,120.2354,4.23
2023-08-25,120.5137,4.25
2023-08-28,120.3155,4.2
2023-08-29,120.2669,4.12
2023-08-30,119.7937,4.12
2023-08-31,120.225,4.09
2023-09-01,120.759,4.18
2023-09-05,121.4345,4.27
2023-09-06,121.8671,4.3
2023-09-07,121.9528,4.27
2023-09-08,121.9475,4.26
2023-09-11,121.3386,4.29
2023-09-12,121.2913,4.27
2023-09-13,121.0549,4.25
2023-09-14,121.2395,4.29
2023-09-15,121.199,4.33
2023-09-18,121.1938,4.32
2023-09-19,121.1645,4.37
2023-09-20,120.9648,4.35
2023-09-21,121.5528,4.49
2023-09-22,121.5306,4.44
2023-09-25,122.1143,4.55
2023-09-26,122.4742,4.56
2023-09-27,122.9895,4.61
2023-09-28,122.5342,4.59
2023-09-29,122.3077,4.59
2023-10-02,123.0545,4.69
2023-10-03,123.7848,4.81
2023-10-04,123.5946,4.73
2023-10-05,123.8993,4.72
2023-10-06,123.3563,4.78
2023-10-10,122.9282,4.66
2023-10-11,122.7697,4.58
2023-10-12,123.2101,4.7
2023-10-13,123.5954,4.63
2023-10-16,123.3185,4.71
2023-10-17,123.1202,4.83
2023-10-18,123.8148,4.91
2023-10-19,123.798,4.98
2023-10-20,123.612,4.93
2023-10-23,123.2846,4.86
2023-10-24,123.6416,4.83
2023-10-25,123.7871,4.95
2023-10-26,124.0064,4.86
2023-10-27,123.62,4.84
2023-10-30,123.4076,4.88
2023-10-31,123.8364,4.88
2023-11-01,123.7922,4.77
2023-11-02,122.8818,4.67
2023-11-03,121.7564,4.57
2023-11-06,121.6484,4.67
2023-11-07,122.0777,4.58
2023-11-08,122.0926,4.49
2023-11-09,122.1281,4.62
2023-11-13,122.4264,4.63
2023-11-14,121.35,4.44
2023-11-15,121.0749,4.53
2023-11-16,121.1754,4.45
2023-11-17,120.8477,4.44
2023-11-20,120.2533,4.42
2023-11-21,120.2241,4.41
2023-11-22,120.6802,4.42
2023-11-24,120.2105,4.47
2023-11-27,120.173,4.39
2023-11-28,119.5904,4.34
2023-11-29,119.8159,4.27
2023-11-30,120.2434,4.37
2023-12-01,119.9424,4.22
2023-12-04,120.4727,4.28
2023-12-05,120.7913,4.18
2023-12-06,120.5334,4.12
2023-12-07,120.6013,4.14
2023-12-08,120.7607,4.23
2023-12-11,120.9279,4.23
2023-12-12,120.6817,4.2
2023-12-13,121.1571,4.04
2023-12-14,119.5683,3.92
2023-12-15,119.7382,3.91
2023-12-18,119.9102,3.95
2023-12-19,119.4632,3.93
2023-12-20,119.5435,3.86
2023-12-21,119.3168,3.89
2023-12-22,119.0625,3.9
2023-12-26,118.8875,3.89
2023-12-27,118.4729,3.79
2023-12-28,118.4104,3.84
2023-12-29,118.4208,3.88
2024-01-02,119.2686,3.95
2024-01-03,119.6958,3.91
2024-01-04,119.6208,3.99
2024-01-05,119.388,4.05
2024-01-08,119.2506,4.01
2024-01-09,119.6666,4.02
2024-01-10,119.7614,4.04
2024-01-11,119.8916,3.98
2024-01-12,119.534,3.96
2024-01-16,120.5759,4.07
2024-01-17,121.0402,4.1
2024-01-18,120.8895,4.14
2024-01-19,120.6442,4.15
2024-01-22,120.6178,4.11
2024-01-23,121.1001,4.14
2024-01-24,120.4916,4.18
2024-01-25,120.8311,4.14
2024-01-26,120.6173,4.15
2024-01-29,120.8538,4.08
2024-01-30,120.6025,4.06
2024-01-31,120.4331,3.99
2024-02-01,120.3335,3.87
2024-02-02,120.902,4.03
2024-02-05,121.349,4.17
2024-02-06,120.9588,4.09
2024-02-07,120.9049,4.09
2024-02-08,121.0798,4.15
2024-02-09,121.039,4.17
2024-02-12,120.9378,4.17
2024-02-13,121.5202,4.31
2024-02-14,121.4002,4.27
2024-02-15,121.2121,4.24
2024-02-16,121.1505,4.3
2024-02-20,121.0199,4.27
2024-02-21,121.0379,4.32
2024-02-22,121.102,4.33
2024-02-23,121.0369,4.26
2024-02-26,121.0592,4.28
2024-02-27,120.9647,4.31
2024-02-28,121.128,4.27
2024-02-29,121.1824,4.25
2024-03-01,121.0111,4.19
2024-03-04,120.872,4.22
2024-03-05,120.8846,4.13
2024-03-06,120.4649,4.11
2024-03-07,120.1909,4.09
2024-03-08,119.975,4.09
2024-03-11,120.0394,4.1
2024-03-12,120.1668,4.16
2024-03-13,119.9642,4.19
2024-03-14,120.241,4.29
2024-03-15,120.4003,4.31
2024-03-18,120.5752,4.34
2024-03-19,120.9332,4.3
2024-03-20,120.9289,4.27
2024-03-21,120.8086,4.27
2024-03-22,121.1842,4.22
2024-03-25,121.0295,4.25
2024-03-26,121.0742,4.24
2024-03-27,121.0089,4.2
2024-03-28,121.0635,4.2
2024-04-01,121.5151,4.33
2024-04-02,121.3035,4.36
2024-04-03,121.0198,4.36
2024-04-04,120.7613,4.31
2024-04-05,120.9646,4.39
2024-04-08,120.7359,4.42
2024-04-09,120.7048,4.36
2024-04-10,121.5727,4.55
2024-04-11,121.6081,4.56
2024-04-12,122.2885,4.5
2024-04-15,122.425,4.63
2024-04-16,123.1234,4.67
2024-04-17,123.0207,4.59
2024-04-18,123.0017,4.64
2024-04-19,123.1075,4.62
2024-04-22,123.0609,4.62
2024-04-23,122.7227,4.61
2024-04-24,122.89,4.65
2024-04-25,122.8384,4.7
2024-04-26,122.9471,4.67
2024-04-29,122.5449,4.63
2024-04-30,122.9853,4.69
2024-05-01,123.0168,4.63
2024-05-02,122.4384,4.58
2024-05-03,122.1375,4.5
2024-05-06,121.8913,4.49
2024-05-07,122.093,4.47
2024-05-08,122.1926,4.48
2024-05-09,122.1634,4.45
2024-05-10,122.014,4.5
2024-05-13,122.0261,4.48
2024-05-14,121.9256,4.45
2024-05-15,121.3543,4.36
2024-05-16,121.2236,4.38
2024-05-17,121.2354,4.42
2024-05-20,121.2289,4.44
2024-05-21,121.3793,4.41
2024-05-22,121.5462,4.43
2024-05-23,121.7477,4.47
2024-05-24,121.6172,4.46
2024-05-28,121.43,4.54
2024-05-29,122.1641,4.61
2024-05-30,121.9601,4.55
2024-05-31,122.098,4.51
2024-06-03,122.3509,4.41
2024-06-04,122.7256,4.33
2024-06-05,122.5339,4.29
2024-06-06,122.3713,4.28
2024-06-07,123.549,4.43
2024-06-10,123.9125,4.47
2024-06-11,124.0349,4.39
2024-06-12,123.8295,4.31
2024-06-13,124.0235,4.24
2024-06-14,124.1694,4.2
2024-06-17,124.239,4.28
2024-06-18,123.9776,4.22
2024-06-20,124.192,4.25
2024-06-21,124.1086,4.25
2024-06-24,123.7125,4.25
2024-06-25,123.9417,4.23
2024-06-26,124.26,4.32
2024-06-27,124.3379,4.29
2024-06-28,124.2103,4.36
2024-07-01,124.4667,4.48
2024-07-02,124.2917,4.43
2024-07-03,123.7768,4.36
2024-07-05,123.4762,4.28
2024-07-08,123.3576,4.28
2024-07-09,123.4071,4.3
2024-07-10,123.1895,4.28
2024-07-11,122.769,4.2
2024-07-12,122.4404,4.18
2024-07-15,122.6347,4.23
2024-07-16,122.7264,4.17
2024-07-17,122.518,4.16
2024-07-18,122.7909,4.2
2024-07-19,123.147,4.25
2024-07-22,123.2172,4.26
2024-07-23,123.3843,4.25
2024-07-24,123.5575,4.28
2024-07-25,123.5286,4.27
2024-07-26,123.672,4.2
2024-07-29,124.1392,4.17
2024-07-30,124.2855,4.15
2024-07-31,123.6373,4.09
2024-08-01,123.8693,3.99
2024-08-02,123.4681,3.8
2024-08-05,123.5787,3.78
2024-08-06,123.6532,3.9
2024-08-07,123.5698,3.96
2024-08-08,123.4466,3.99
2024-08-09,122.9276,3.94
2024-08-12,123.2204,3.9
2024-08-13,123.0146,3.85
2024-08-14,122.4297,3.83
2024-08-15,122.5844,3.92
2024-08-16,122.3972,3.89
2024-08-19,121.8788,3.86
2024-08-20,121.7728,3.82
2024-08-21,121.8535,3.79
2024-08-22,122.3626,3.86
2024-08-23,121.4597,3.81
2024-08-26,121.6943,3.82
2024-08-27,121.8672,3.83
2024-08-28,121.8943,3.84
2024-08-29,122.2333,3.87
2024-08-30,122.3262,3.91
2024-09-03,122.7811,3.84
2024-09-04,122.5144,3.77
2024-09-05,122.4533,3.73
2024-09-06,122.4991,3.72
2024-09-09,122.7156,3.7
2024-09-10,123.0071,3.65
2024-09-11,122.7754,3.65
2024-09-12,122.4423,3.68
2024-09-13,121.6551,3.66
2024-09-16,121.4976,3.63
2024-09-17,121.6031,3.65
2024-09-18,121.5618,3.7
2024-09-19,121.3059,3.73
2024-09-20,121.4052,3.73
2024-09-23,121.4303,3.75
2024-09-24,121.1291,3.74
2024-09-25,121.4447,3.79
2024-09-26,121.0785,3.79
2024-09-27,121.1111,3.75
2024-09-30,121.2864,3.81
2024-10-01,121.6881,3.74
2024-10-02,121.5724,3.79
2024-10-03,122.1197,3.85
2024-10-04,122.2197,3.98
2024-10-07,122.4241,4.03
2024-10-08,122.6625,4.04
2024-10-09,122.8821,4.06
2024-10-10,123.0951,4.09
2024-10-11,122.9805,4.08
2024-10-15,123.5124,4.03
2024-10-16,123.9235,4.02
2024-10-17,124.1122,4.09
2024-10-18,123.9185,4.08
2024-10-21,124.4757,4.19
2024-10-22,124.4107,4.2
2024-10-23,124.6931,4.24
2024-10-24,124.5127,4.21
2024-10-25,124.6105,4.25
2024-10-28,124.8076,4.28
2024-10-29,124.8612,4.28
2024-10-30,124.8153,4.29
2024-10-31,124.7988,4.28
2024-11-01,124.8076,4.37
2024-11-04,124.5903,4.31
2024-11-05,124.5532,4.26
2024-11-06,125.7035,4.42
2024-11-07,124.775,4.31
2024-11-08,125.5811,4.3
2024-11-12,126.7762,4.43
2024-11-13,126.9572,4.44
2024-11-14,127.0015,4.43
2024-11-15,126.8848,4.43
2024-11-18,126.6045,4.42
2024-11-19,126.3994,4.39
2024-11-20,126.88,4.41
2024-11-21,127.1047,4.43
2024-11-22,127.4712,4.41
2024-11-25,126.9948,4.27
2024-11-26,127.4301,4.3
2024-11-27,126.8205,4.25
2024-11-29,126.5798,4.18
2024-12-02,127.1272,4.19
2024-12-03,126.9565,4.23
2024-12-04,126.7574,4.19
2024-12-05,126.4286,4.17
2024-12-06,126.688,4.15
2024-12-09,126.5981,4.2
2024-12-10,126.957,4.22
2024-12-11,126.8483,4.26
2024-12-12,126.9556,4.32
2024-12-13,127.3096,4.4
2024-12-16,127.2687,4.39
2024-12-17,127.5043,4.4
2024-12-18,127.6418,4.5
2024-12-19,128.6366,4.57
2024-12-20,127.893,4.52
2024-12-23,128.3021,4.59
2024-12-24,128.3377,4.59
2024-12-26,128.3329,4.58
2024-12-27,128.45,4.62
2024-12-30,128.8205,4.55
2024-12-31,129.2775,4.58
2025-01-02,129.4598,4.57
2025-01-03,129.4535,4.6
2025-01-06,128.538,4.62
2025-01-07,128.613,4.67
2025-01-08,129.0785,4.67
2025-01-09,129.2827,4.68
2025-01-10,129.8664,4.77
2025-01-13,130.0413,4.79
2025-01-14,129.3812,4.78
2025-01-15,129.2092,4.66
2025-01-16,129.436,4.61
2025-01-17,129.4859,4.61
2025-01-21,128.4151,4.57
2025-01-22,128.3402,4.6
2025-01-23,128.2162,4.65
2025-01-24,127.4611,4.63
2025-01-27,128.0912,4.53
2025-01-28,128.2817,4.55
2025-01-29,128.3418,4.55
2025-01-30,128.1004,4.52
2025-01-31,128.4828,4.58
2025-02-03,129.109,4.54
2025-02-04,128.1083,4.52
2025-02-05,127.9751,4.43
2025-02-06,128.2017,4.45
2025-02-07,128.4292,4.49
2025-02-10,128.6382,4.51
2025-02-11,128.4322,4.54
2025-02-12,128.3288,4.62
2025-02-13,127.8931,4.52
2025-02-14,127.1491,4.47
2025-02-18,127.2906,4.55
2025-02-19,127.7317,4.53
2025-02-20,127.1126,4.5
2025-02-21,127.1408,4.42
2025-02-24,127.1921,4.4
2025-02-25,127.3752,4.3
2025-02-26,127.2822,4.25
2025-02-27,127.9704,4.29
2025-02-28,128.2805,4.24
2025-03-03,127.75,4.16
2025-03-04,127.9966,4.22
2025-03-05,126.504,4.28
2025-03-06,126.1099,4.29
2025-03-07,125.9814,4.32
2025-03-10,126.268,4.22
2025-03-11,126.0457,4.28
2025-03-12,125.8664,4.32
2025-03-13,126.0031,4.27
2025-03-14,125.6942,4.31
2025-03-17,125.3688,4.31
2025-03-18,125.488,4.29
2025-03-19,125.8006,4.25
2025-03-20,125.985,4.24
2025-03-21,126.2679,4.25
2025-03-24,126.1956,4.34
2025-03-25,126.0535,4.31
2025-03-26,126.2364,4.35
2025-03-27,126.3626,4.38
2025-03-28,126.4187,4.27
2025-03-31,126.7075,4.23
2025-04-01,126.4338,4.17
2025-04-02,126.3811,4.2
2025-04-03,124.7316,4.06
2025-04-04,125.8129,4.01
2025-04-07,126.8282,4.15
2025-04-08,126.8668,4.26
2025-04-09,126.628,4.34
2025-04-10,125.089,4.4
2025-04-11,124.0163,4.48
2025-04-14,123.6598,4.38
2025-04-15,123.776,4.35
2025-04-16,123.2724,4.29
2025-04-17,123.1298,4.34
2025-04-21,122.3145,4.42
2025-04-22,122.4175,4.41
2025-04-23,123.0252,4.4
2025-04-24,122.9251,4.32
2025-04-25,122.8858,4.29
2025-04-28,122.7176,4.23
2025-04-29,122.5944,4.19
2025-04-30,122.5921,4.17
2025-05-01,123.1405,4.25
2025-05-02,122.4962,4.33
2025-05-05,122.2613,4.36
2025-05-06,122.0417,4.3
2025-05-07,122.117,4.26
2025-05-08,122.7568,4.37
2025-05-09,122.5191,4.37
2025-05-12,123.4863,4.45
2025-05-13,122.9583,4.49
2025-05-14,122.6746,4.53
2025-05-15,122.8174,4.45
2025-05-16,123.0737,4.43
2025-05-19,122.4186,4.46
2025-05-20,122.3199,4.48
2025-05-21,121.7496,4.58
2025-05-22,122.0429,4.54
2025-05-23,121.3837,4.51
2025-05-27,121.6099,4.43
2025-05-28,121.9888,4.47
2025-05-29,121.5617,4.43
2025-05-30,121.7674,4.41
2025-06-02,121.1881,4.46
2025-06-03,121.4592,4.46
2025-06-04,121.0539,4.37
2025-06-05,120.9596,4.4
2025-06-06,121.161,4.51
2025-06-09,120.9103,4.49
2025-06-10,121.0485,4.47
2025-06-11,120.587,4.41
2025-06-12,120.1723,4.36
2025-06-13,120.3245,4.41
2025-06-16,120.1565,4.46
2025-06-17,120.5048,4.39
2025-06-18,120.7305,4.38
2025-06-20,121.0408,4.38
2025-06-23,121.1694,4.34
2025-06-24,120.3645,4.3
2025-06-25,120.3336,4.29
2025-06-26,119.6451,4.26
2025-06-27,119.659,4.29
2025-06-30,119.4088,4.24
2025-07-01,119.3436,4.26
2025-07-02,119.3037,4.3
2025-07-03,119.2382,4.35
2025-07-07,119.6201,4.4
2025-07-08,119.8371,4.42
2025-07-09,119.7311,4.34
2025-07-10,119.8343,4.35
2025-07-11,119.9214,4.43
2025-07-14,120.2209,4.43
2025-07-15,120.5105,4.5
2025-07-16,120.4175,4.46
2025-07-17,120.6384,4.47
2025-07-18,120.356,4.44
2025-07-21,119.9961,4.38
2025-07-22,119.681,4.35
2025-07-23,119.5697,4.4
2025-07-24,119.5664,4.43
2025-07-25,119.9857,4.4
2025-07-28,120.6149,4.42
2025-07-29,120.9674,4.34
2025-07-30,121.4042,4.38
2025-07-31,121.721,4.37
2025-08-01,121.2122,4.23
2025-08-04,120.9859,4.22
2025-08-05,120.9082,4.22
2025-08-06,120.5082,4.22
2025-08-07,120.5043,4.23
2025-08-08,120.3329,4.27
2025-08-11,120.6892,4.27
2025-08-12,120.2736,4.29
2025-08-13,120.13,4.24
2025-08-14,120.6446,4.29
2025-08-15,120.3377,4.33
2025-08-18,120.5622,4.34
2025-08-19,120.7224,4.3
2025-08-20,120.7757,4.29
2025-08-21,121.0843,4.33
2025-08-22,120.2774,4.26
2025-08-25,120.4214,4.28
2025-08-26,120.5274,4.26
2025-08-27,120.7274,4.24
2025-08-28,120.2595,4.22
2025-08-29,120.2082,4.23
2025-09-02,120.6837,4.28
2025-09-03,120.5052,4.22
2025-09-04,120.7629,4.17
2025-09-05,120.1282,4.1
2025-09-08,120.0971,4.05
2025-09-09,120.1569,4.08
2025-09-10,120.1223,4.04
2025-09-11,119.9534,4.01
2025-09-12,120.0611,4.06
2025-09-15,119.5644,4.05
2025-09-16,119.1348,4.04
2025-09-17,119.1582,4.06
2025-09-18,119.6616,4.11
2025-09-19,119.7858,4.14
2025-09-22,119.8152,4.15
2025-09-23,119.6202,4.12
2025-09-24,120.1707,4.16
2025-09-25,120.5419,4.18
2025-09-26,120.4349,4.2
2025-09-29,120.115,4.15
2025-09-30,120.1368,4.16
2025-10-01,120.1502,4.12
2025-10-02,120.4296,4.1
2025-10-03,120.0881,4.13
2025-10-06,120.2722,4.18
2025-10-07,120.4884,4.14
2025-10-08,120.7766,4.13
2025-10-09,121.0902,4.14
2025-10-10,121.1163,4.05
2025-10-14,121.1822,4.03
2025-10-15,120.8642,4.05
2025-10-16,120.6698,3.99
2025-10-17,120.7028,4.02
2025-10-20,120.6209,4.0
2025-10-21,120.8895,3.98
2025-10-22,120.8958,3.97
2025-10-23,120.9531,4.01
2025-10-24,120.9345,4.02
2025-10-27,120.7988,4.01
2025-10-28,120.6361,3.99
2025-10-29,120.5312,4.08
2025-10-30,121.2832,4.11
2025-10-31,121.3859,4.11
2025-11-03,121.4512,4.13
2025-11-04,121.8271,4.1
2025-11-05,121.8482,4.17
2025-11-06,121.6948,4.11
2025-11-07,121.388,4.11
2025-11-10,121.2984,4.13
2025-11-12,121.0458,4.08
2025-11-13,120.7725,4.11
2025-11-14,120.9666,4.14
2025-11-17,121.1146,4.13
2025-11-18,121.2127,4.12
2025-11-19,121.4978,4.13
2025-11-20,121.6889,4.1
2025-11-21,121.8653,4.06
2025-11-24,121.9171,4.04
2025-11-25,121.6335,4.01
2025-11-26,121.2437,4.0
2025-11-28,121.0527,4.02
2025-12-01,120.9862,4.09
2025-12-02,121.1467,4.09
2025-12-03,120.7336,4.06
2025-12-04,120.6766,4.11
2025-12-05,120.6863,4.14
2025-12-08,120.776,4.17
2025-12-09,120.6832,4.18
2025-12-10,120.6752,4.13
2025-12-11,119.98,4.14
2025-12-12,120.1442,4.19
2025-12-15,119.9561,4.18
2025-12-16,119.8902,4.15
2025-12-17,120.155,4.16
2025-12-18,120.0528,4.12
2025-12-19,120.1652,4.16
2025-12-22,119.9912,4.17
2025-12-23,119.7057,4.18
2025-12-24,119.4372,4.15
2025-12-26,119.4723,4.14
2025-12-29,119.5899,4.12
2025-12-30,119.4939,4.14
2025-12-31,119.7456,4.18
2026-01-02,119.6059,4.19
2026-01-05,119.6192,4.17
2026-01-06,119.7807,4.18
2026-01-07,119.8719,4.15
2026-01-08,120.0904,4.19
2026-01-09,120.2215,4.18
2026-01-12,119.9958,4.19
2026-01-13,120.1401,4.18
2026-01-14,119.9537,4.15
2026-01-15,119.9951,4.17
2026-01-16,120.0838,4.24
2026-01-20,119.4455,4.3
2026-01-21,119.3431,4.26
2026-01-22,119.1962,4.26
2026-01-23,118.8976,4.24
2026-01-26,118.0525,4.22
2026-01-27,117.4523,4.24
2026-01-28,117.5117,4.26
2026-01-29,117.4396,4.24
2026-01-30,117.8996,4.26
2026-02-02,118.3609,4.29
2026-02-03,117.9764,4.28
2026-02-04,118.2602,4.29
2026-02-05,118.5034,4.21
2026-02-06,118.2407,4.22
2026-02-09,117.6392,4.22
2026-02-10,117.5216,4.16
2026-02-11,117.4601,4.18
2026-02-12,117.5376,4.09
2026-02-13,117.5258,4.04
2026-02-17,117.7375,4.05
2026-02-18,117.8426,4.09
2026-02-19,118.2354,4.08
2026-02-20,117.9917,4.08
2026-02-23,117.9395,4.03
2026-02-24,117.9463,4.04
2026-02-25,117.769,4.05
2026-02-26,117.9042,4.02
2026-02-27,117.8223,3.97
2026-03-02,118.667,4.05
2026-03-03,119.4341,4.06
2026-03-04,119.0705,4.09
2026-03-05,119.5683,4.13
2026-03-06,119.491,4.15
2026-03-09,119.5151,4.12
2026-03-10,118.7255,4.15
2026-03-11,119.2885,4.21
2026-03-12,119.8227,4.27
2026-03-13,120.5518,4.28
2026-03-16,120.097,4.23
2026-03-17,119.8328,4.2
2026-03-18,119.9276,4.26
2026-03-19,120.1802,4.25
2026-03-20,120.2757,4.39
2026-03-23,119.9371,4.34
2026-03-24,120.1295,4.39
2026-03-25,120.1282,4.33
2026-03-26,120.389,4.42
2026-03-27,120.8851,4.44
2026-03-30,121.2851,4.35
2026-03-31,121.035,4.3
2026-04-01,120.1198,4.33
2026-04-02,120.503,4.31
2026-04-03,120.6565,4.35
2026-04-06,120.4302,4.34
2026-04-07,120.32,4.33
2026-04-08,119.0596,4.29
2026-04-09,118.8998,4.29
2026-04-10,118.8552,4.31
2026-04-13,118.9916,4.3
2026-04-14,118.3581,4.26
2026-04-15,118.3623,4.29
2026-04-16,118.3616,4.32
2026-04-17,118.0795,4.26
